"alleleFreq_SV","htsp_trunc","htsp_point","Assigned"
NA,0,0,"MT-L"
0.0587,0,1,"MT-H"
0.3872,0,0,"MT-L"
NA,0,0,"MT-L"
NA,0,0,"MT-L"
0.253,1,0,"MT-H"
0.1178,0,0,"MT-L"
0.1407,0,0,"MT-L htmb"
0.124,1,0,"MT-L htmb"
0.3215,1,0,"MT-L"
0.2012,0,1,"MT-L"
0.4291,1,0,"MT-L"
0.449,1,0,"MT-L"
0.2999,0,0,"MT-L"
0.0594,0,1,"MT-L"
0.1245,0,0,"MT-L htmb"
0.1319,0,1,"MT-L htmb"
0.146,0,1,"MT-L htmb"
NA,0,0,"MT-L"
0.3745,0,1,"MT-L"
NA,0,0,"MT-L"
0.3821,0,0,"MT-L htmb"
0.3693,1,0,"MT-L"
NA,0,0,"MT-L"
NA,0,0,"MT-L"
0.1916,0,1,"MT-L"
0.0734,0,0,"MT-H"
NA,0,0,"MT-L"
NA,0,0,"MT-L"
0.1395,1,0,"MT-L htmb"
0.1027,0,0,"MT-L htmb"
0.1406,0,0,"MT-L"
0.3029,0,0,"MT-H"
0.0832,0,0,"MT-H"
NA,0,0,"MT-L"
0.0361,0,0,"MT-L"
0.1775,0,1,"MT-L"
NA,0,0,"MT-L"
0.4,0,0,"MT-L"
0.2046,0,0,"MT-L"
0.8443,1,0,"MT-L"
0.0503,0,0,"MT-H"
0.8185,1,0,"MT-L"
NA,0,0,"MT-L"
0.1976,1,0,"MT-L htmb"
0.18,0,1,"MT-L htmb"
0.0637,0,1,"MT-L htmb"
0.3551,1,0,"MT-H"
NA,0,0,"MT-L"
0.2012,0,0,"MT-L"
0.3677,0,0,"MT-L"
0.0758,0,0,"MT-L"
0.4633,1,0,"MT-L"
NA,0,0,"MT-L"
0.238,0,0,"MT-H"
0.332,0,0,"MT-L"
0.263,0,0,"MT-L"
0.5779,0,0,"MT-L"
0.2557,1,0,"MT-H"
NA,0,0,"MT-L"
0.4165,0,0,"MT-L"
NA,0,0,"MT-L"
NA,0,0,"MT-L"
0.1231,0,0,"MT-L"
0.2372,0,0,"MT-L"
0.2419,0,0,"MT-L"
0.46,1,0,"MT-L"
0.3659,0,1,"MT-L htmb"
0.0193,0,1,"MT-H"
NA,0,0,"MT-L"
0.6614,0,0,"MT-L"
0.6224,0,0,"MT-L"
NA,0,0,"MT-L"
NA,0,0,"MT-L"
0.2176,0,1,"MT-L"
0.1536,1,0,"MT-H"
0.1509,1,0,"MT-H"
0.0906,1,0,"MT-H"
NA,0,0,"MT-L"
NA,0,0,"MT-L"
0.1785,1,0,"MT-L"
NA,0,0,"MT-L"
NA,0,0,"MT-L"
0.1488,1,0,"MT-L"
0.0591,0,0,NA
NA,0,0,"MT-L"
0.6386,0,0,"MT-L"
0.2868,0,1,"MT-L"
0.2953,1,0,"MT-L"
NA,0,0,"MT-L"
0.2516,0,0,"MT-L"
NA,0,0,"MT-L"
NA,0,0,"MT-L"
NA,0,0,"MT-L"
NA,0,0,"MT-L"
0.4103,1,0,"MT-H"
0.3864,1,0,"MT-H"
0.24,1,0,"MT-L"
NA,0,0,"MT-L"
NA,0,0,"MT-L"
0.3308,1,0,"MT-L"
0.245,0,0,"MT-L"
0.1696,0,0,"MT-L"
0.2302,0,0,"MT-H"
0.545,0,0,"MT-L"
NA,0,0,"MT-L"
0.1434,1,0,"MT-H"
0.153,1,0,"MT-H"
0.0308,0,1,"MT-L"
0.2668,1,0,"MT-L"
0.1804,0,1,"MT-H"
0.1554,1,0,"MT-H"
0.1667,0,0,"MT-H"
0.1258,0,0,"MT-L"
0.4974,1,0,"MT-L"
0.0737,0,0,"MT-L"
0.0823,0,0,"MT-L"
0.2417,0,0,"MT-L"
0.3383,1,0,"MT-L"
0.014,1,0,"MT-L"
0.5147,0,0,"MT-L"
0.1906,0,1,"MT-L htmb"
0.1743,0,1,"MT-L htmb"
0.1246,1,0,"MT-L"
0.2756,0,0,"MT-L"
0.3035,0,1,"MT-L"
0.3131,0,0,"MT-H"
0.7423,1,0,"MT-L"
0.2585,1,0,"MT-L"
0.3138,1,0,"MT-L"
NA,0,0,"MT-L"
0.4272,1,0,"MT-L"
0.4735,0,0,"MT-H"
0.4929,0,0,"MT-L"
0.3327,0,0,"MT-L"
NA,0,0,"MT-L"
0.0375,0,0,"MT-L"
0.3472,1,0,"MT-H"
0.2271,0,0,"MT-L htmb"
0.2283,0,1,"MT-L htmb"
0.1211,0,0,"MT-L"
NA,0,0,"MT-L"
0.2144,1,0,"MT-L htmb"
0.25,0,0,"MT-L htmb"
0.0255,0,1,"MT-L"
0.0495,1,0,"MT-L"
NA,0,0,"MT-L"
NA,0,0,"MT-L"
0.1479,0,0,"MT-H"
NA,0,0,"MT-L"
NA,0,0,"MT-L"
0.2706,0,0,"MT-L"
0.265,0,0,"MT-L"
0.3169,0,0,"MT-H"
0.2536,0,0,"MT-L"
0.3508,0,1,"MT-L"
NA,0,0,"MT-L"
0.3289,0,1,"MT-L"
NA,0,0,"MT-L"
0.4228,0,1,"MT-L"
0.3341,0,0,"MT-L"
NA,0,0,"MT-L"
NA,0,0,"MT-L"
NA,0,0,"MT-L"
0.2261,0,1,"MT-L"
0.1863,1,0,"MT-H"
0.207,1,0,"MT-H"
0.239,0,0,"MT-L"
0.3194,0,1,"MT-L"
0.4452,1,0,"MT-L"
0.6191,1,0,"MT-H"
NA,0,0,"MT-L"
0.226,0,0,"MT-L"
0.1957,0,0,"MT-L"
0.2881,1,0,"MT-L"
0.4418,0,1,"MT-L"
NA,0,0,"MT-L"
0.5145,0,0,"MT-L"
0.0512,0,0,"MT-H"
0.1169,1,0,"MT-H"
0.1466,1,0,"MT-H"
0.8927,0,0,"MT-L"
0.3126,0,1,"MT-L htmb"
0.1599,1,0,"MT-H"
0.1196,1,0,"MT-H"
0.1336,1,0,"MT-H"
0.4784,0,0,"MT-L"
0.4961,0,0,"MT-L"
0.2143,1,0,"MT-L"
0.2872,0,0,"MT-L"
0.2965,0,0,"MT-L"
NA,0,0,"MT-L htmb"
NA,0,0,"MT-L"
0.2359,1,0,"MT-L htmb"
0.2861,0,1,"MT-L htmb"
0.238,0,0,"MT-L htmb"
NA,0,0,"MT-L"
0.3231,1,0,"MT-H"
0.3302,1,0,"MT-H"
NA,0,0,"MT-L"
0.3113,0,0,"MT-L"
0.0145,0,1,"MT-L"
0.2898,0,0,"MT-H"
0.272,1,0,"MT-H"
0.5518,1,0,"MT-L"
0.0388,0,1,"MT-L"
0.0538,0,0,"MT-L"
0.0803,1,0,"MT-H"
0.1689,0,0,"MT-L"
0.0221,1,0,"MT-L"
0.2208,1,0,"MT-H"
0.3882,1,0,"MT-H"
0.3817,1,0,"MT-L"
NA,0,0,"MT-L"
NA,0,0,"MT-L"
0.2298,0,0,"MT-L"
0.2723,0,0,"MT-L"
NA,0,0,"MT-H"
0.2253,1,0,"MT-H"
0.5102,0,0,"MT-H"
NA,0,0,"MT-L"
NA,0,0,"MT-L"
0.1788,0,1,"MT-L"
0.1873,1,0,"MT-L"
0.2523,1,0,"MT-H"
0.2695,1,0,"MT-H"
0.3343,1,0,"MT-H"
0.4735,0,0,"MT-L"
0.2586,1,0,"MT-L"
NA,0,0,"MT-L"
0.1146,1,0,"MT-L"
NA,0,0,"MT-L"
NA,0,0,"MT-L"
0.6068,0,0,"MT-L"
NA,0,0,"MT-L"
0.3304,0,1,"MT-L"
NA,0,0,"MT-L"
0.0824,0,1,"MT-L"
0.3267,0,1,"MT-H"
0.2888,0,1,"MT-H"
NA,0,0,"MT-L"
NA,0,0,"MT-L"
NA,0,0,"MT-L"
NA,0,0,"MT-L"
0.5501,0,0,"MT-L"
NA,0,0,"MT-L"
NA,0,0,"MT-L"
0.6739,1,0,"MT-L"
0.362,0,0,"MT-L"
NA,0,0,"MT-L"
0.3567,0,0,"MT-L"
NA,0,0,"MT-L"
0.3101,1,0,"MT-L"
NA,0,0,"MT-L"
0.414,0,0,"MT-L"
0.1288,0,0,"MT-L"
0.205,1,0,"MT-L"
0.1046,1,0,"MT-H"
0.2664,0,0,"MT-L"
0.16,1,0,"MT-H"
NA,0,0,"MT-L"
0.0168,0,1,"MT-L"
NA,0,0,"MT-L"
NA,0,0,"MT-L"
0.2615,1,0,"MT-L"
NA,0,0,"MT-L"
0.1939,1,0,"MT-H"
0.209,1,0,"MT-H"
0.2563,0,0,"MT-L htmb"
0.2754,0,1,"MT-L htmb"
0.2547,0,1,"MT-L htmb"
NA,0,0,"MT-L"
0.1504,0,0,"MT-L"
0.152,0,1,"MT-L htmb"
0.1089,1,0,"MT-L"
0.081,0,0,"MT-L"
0.147,0,1,"MT-H"
NA,0,0,"MT-L"
NA,0,0,"MT-L"
0.0462,1,0,"MT-L"
NA,0,0,"MT-L"
0.3128,0,0,"MT-L"
NA,0,0,"MT-L"
0.2005,0,0,"MT-L"
0.2173,1,0,"MT-H"
0.2085,1,0,"MT-H"
0.0978,0,0,"MT-L"
0.2244,1,0,"MT-H"
0.1667,1,0,"MT-H"
NA,0,0,"MT-L"
0.5684,0,1,"MT-L"
0.0917,1,0,"MT-L"
0.2502,1,0,"MT-H"
0.2599,0,1,"MT-H"
0.5376,0,1,"MT-L"
0.1457,1,0,"MT-H"
0.2061,1,0,"MT-H"
0.0709,0,1,"MT-L"
0.4285,0,0,"MT-H"
0.0682,0,0,"MT-H"
0.2098,0,0,"MT-H"
0.2283,0,1,"MT-H"
NA,0,0,"MT-L"
0.2023,0,0,"MT-H"
0.1663,1,0,"MT-H"
NA,0,0,"MT-L htmb"
0.2541,0,1,"MT-H"
NA,0,0,"MT-L"
NA,0,0,"MT-L"
0.6324,0,1,"MT-L"
0.0956,1,0,"MT-L"
0.0867,0,0,"MT-L"
0.2082,1,0,"MT-L"
0.6805,1,0,"MT-L"
0.4972,1,0,"MT-L"
0.4593,0,0,"MT-L"
0.3874,0,1,"MT-L"
0.122,0,1,"MT-L"
0.4635,1,0,"MT-H"
0.1062,0,0,"MT-L"
0.1458,1,0,"MT-H"
0.1181,1,0,"MT-H"
0.0109,0,0,"MT-H"
0.0705,1,0,"MT-H"
NA,0,0,"MT-L"
0.4659,0,1,"MT-L"
0.3463,0,0,"MT-L"
0.3576,0,0,"MT-L"
0.3772,0,1,"MT-L"
0.24,1,0,"MT-L"
0.1072,1,0,"MT-L"
0.7424,0,1,"MT-H"
0.4173,0,0,"MT-L"
0.2375,1,0,"MT-H"
0.224,1,0,"MT-H"
NA,0,0,"MT-L"
0.3523,0,0,"MT-L"
0.4189,0,0,"MT-L"
NA,0,0,"MT-L"
NA,0,0,"MT-L"
NA,0,0,"MT-L"
0.2811,1,0,"MT-H"
0.3398,0,1,"MT-H"
NA,0,0,"MT-L"
0.2814,1,0,"MT-H"
NA,0,0,"MT-L"
0.102,0,0,"MT-H"
NA,0,0,"MT-L"
0.2014,0,0,"MT-H"
NA,0,0,"MT-L"
0.2727,1,0,"MT-L"
0.3876,1,0,"MT-L"
0.3179,0,1,"MT-L"
0.1083,0,1,"MT-L"
0.0225,0,1,"MT-L"
0.344,0,0,"MT-L"
0.3614,0,0,"MT-L"
0.4509,0,1,"MT-H"
NA,0,0,"MT-L"
NA,0,0,"MT-L"
0.2437,0,1,"MT-L"
NA,0,0,"MT-L"
0.6778,1,0,"MT-L"
0.2888,1,0,"MT-H"
0.1389,1,0,"MT-H"
0.11,1,0,"MT-H"
0.1057,1,0,"MT-H"
0.107,0,1,"MT-H"
0.134,1,0,"MT-H"
0.5445,1,0,"MT-L"
NA,0,0,"MT-L"
0.096,1,0,"MT-H"
0.1085,1,0,"MT-H"
0.6702,1,0,"MT-H"
0.3605,0,0,"MT-L"
NA,0,0,"MT-L"
NA,0,0,"MT-L"
0.2697,0,1,"MT-H"
0.229,1,0,"MT-H"
NA,0,0,"MT-L"
0.1897,0,1,"MT-L htmb"
0.2158,0,1,"MT-L htmb"
0.053,0,1,"MT-L"
NA,0,0,"MT-L"
0.2307,0,1,"MT-H"
0.2361,0,1,"MT-H"
0.8176,1,0,"MT-L"
NA,0,0,"MT-L"
0.163,0,1,"MT-H"
0.176,1,0,"MT-H"
0.2661,0,1,"MT-L"
0.2886,0,0,"MT-L"
NA,0,0,"MT-L"
NA,0,0,"MT-L"
0.0226,1,0,"MT-L"
0.4505,0,1,"MT-L"
0.3712,0,0,"MT-L htmb"
0.3451,0,1,"MT-L htmb"
NA,0,0,"MT-L"
0.4497,0,1,"MT-L"
0.49,0,0,"MT-L"
0.0808,0,0,"MT-L"
0.1637,0,1,"MT-L"
0.1893,0,0,"MT-L"
NA,0,0,"MT-L"
0.3756,0,0,"MT-L htmb"
0.1346,1,0,"MT-L"
0.8401,0,1,"MT-L"
NA,0,0,"MT-L"
NA,0,0,"MT-L"
0.2617,0,1,"MT-L"
0.0229,0,1,"MT-L"
0.2267,0,0,"MT-H"
0.1815,0,0,"MT-H"
0.1031,0,1,"MT-L htmb"
0.1198,1,0,"MT-L htmb"
NA,0,0,"MT-L"
0.2404,0,1,"MT-L"
0.8391,1,0,"MT-L"
0.5329,0,0,"MT-L"
0.2297,0,0,"MT-L"
0.1914,1,0,"MT-H"
0.201,1,0,"MT-H"
0.0436,0,0,"MT-L"
0.0193,0,1,"MT-H"
NA,0,0,"MT-L"
NA,0,0,"MT-L"
NA,0,0,"MT-L htmb"
0.8911,0,0,"MT-L"
0.1801,0,1,"MT-L htmb"
NA,0,0,"MT-L"
NA,0,0,"MT-L"
0.1056,1,0,"MT-H"
0.1134,1,0,"MT-H"
0.3365,0,1,"MT-H"
NA,0,0,"MT-L"
NA,0,0,"MT-L"
NA,0,0,"MT-L"
NA,0,0,"MT-L"
0.3074,0,0,"MT-L"
0.2759,1,0,"MT-H"
0.0241,1,0,"MT-H"
0.0936,0,0,"MT-H"
0.2775,0,0,"MT-L"
NA,0,0,"MT-L"
NA,0,0,"MT-L"
NA,0,0,"MT-L"
NA,0,0,"MT-L"
0.5097,0,1,"MT-L"
NA,0,0,"MT-L"
0.397,0,1,"MT-L"
NA,0,0,"MT-L"
NA,0,0,"MT-L"
NA,0,0,"MT-L"
0.1192,1,0,"MT-H"
0.1369,1,0,"MT-H"
0.1872,0,0,"MT-L"
0.2389,1,0,"MT-L"
NA,0,0,"MT-L"
NA,0,0,"MT-L"
0.5111,1,0,"MT-L"
NA,0,0,"MT-L"
NA,0,0,"MT-L"
NA,0,0,"MT-L"
0.4046,1,0,"MT-L"
0.2163,0,0,"MT-L"
NA,0,0,"MT-L"
0.0231,0,0,"MT-L"
0.1847,0,1,"MT-H"
0.1467,1,0,"MT-H"
0.6051,0,0,"MT-L"
NA,0,0,"MT-L"
0.3652,0,0,"MT-L"
0.1297,0,1,"MT-L"
0.3844,1,0,"MT-L"
0.3823,1,0,"MT-L htmb"
0.3542,0,0,"MT-L htmb"
NA,0,0,"MT-L"
0.8385,0,0,"MT-L"
NA,0,0,"MT-L"
0.3302,0,1,"MT-L"
NA,0,0,"MT-L"
0.1463,0,1,"MT-H"
0.1433,1,0,"MT-L htmb"
0.1388,0,1,"MT-L htmb"
0.1474,0,1,"MT-L htmb"
0.1264,0,0,"MT-L htmb"
NA,0,0,"MT-L"
0.0623,1,0,"MT-L"
0.4069,0,0,"MT-L"
0.2396,0,1,"MT-L"
NA,0,0,"MT-L"
NA,0,0,"MT-L"
0.6294,0,1,"MT-L"
0.5135,0,1,"MT-L"
0.1583,1,0,"MT-L"
NA,0,0,"MT-L"
NA,0,0,"MT-L"
NA,0,0,"MT-L"
0.2576,1,0,"MT-L"
0.2446,0,0,"MT-L"
0.4702,0,0,"MT-H"
NA,0,0,"MT-L"
0.382,1,0,"MT-L"
NA,0,0,"MT-L"
NA,0,0,"MT-L"
0.1221,1,0,"MT-H"
0.1339,1,0,"MT-H"
0.9359,1,0,"MT-L"
0.5932,0,0,"MT-L"
NA,0,0,"MT-L"
NA,0,0,"MT-L"
NA,0,0,"MT-L"
NA,0,0,"MT-L"
0.3342,0,0,"MT-L"
0.1973,1,0,"MT-H"
0.2896,0,0,"MT-L"
0.7879,0,0,"MT-L"
0.1189,0,1,"MT-L"
0.0928,0,0,"MT-L"
0.3971,1,0,"MT-L"
0.0782,0,0,"MT-L"
0.1042,1,0,"MT-H"
0.1561,0,1,"MT-L"
NA,0,0,"MT-L"
NA,0,0,"MT-L"
NA,0,0,"MT-L"
0.3974,0,0,"MT-L"
0.2404,1,0,"MT-H"
0.3164,0,0,"MT-H"
0.2484,0,0,"MT-L"
NA,0,0,"MT-L"
NA,0,0,"MT-L"
NA,0,0,"MT-L"
0.2038,0,1,"MT-L"
0.2375,0,0,"MT-L"
NA,0,0,"MT-L"
0.2833,1,0,"MT-H"
0.221,1,0,"MT-H"
NA,0,0,"MT-L"
NA,0,0,"MT-L"
NA,0,0,"MT-L"
NA,0,0,"MT-L"
0.0586,0,1,"MT-H"
0.2183,1,0,"MT-L"
NA,0,0,"MT-L"
0.3868,1,0,"MT-L"
0.2463,0,1,"MT-L"
0.1983,0,0,"MT-L"
NA,0,0,"MT-L"
0.101,1,0,"MT-H"
0.3042,0,0,"MT-L"
0.3104,0,0,"MT-L"
0.2905,0,0,"MT-H"
NA,0,0,"MT-L"
NA,0,0,"MT-L"
NA,0,0,"MT-L"
0.1091,0,0,"MT-L"
0.0841,1,0,"MT-L"
0.193,1,0,"MT-H"
0.2252,0,0,"MT-H"
0.0673,1,0,"MT-L"
NA,0,0,"MT-L"
0.3266,0,1,"MT-L"
0.1628,1,0,"MT-H"
0.2181,0,0,"MT-H"
NA,0,0,"MT-L"
NA,0,0,"MT-L"
NA,0,0,"MT-L"
NA,0,0,"MT-L"
NA,0,0,"MT-L"
0.0209,0,0,"MT-H"
NA,0,0,"MT-L"
0.3333,1,0,"MT-L"
0.1244,0,0,"MT-L"
0.213,0,0,"MT-L"
0.3326,1,0,"MT-H"
0.161,1,0,"MT-H"
0.1715,0,0,"MT-H"
0.3661,1,0,"MT-L htmb"
0.2917,0,1,"MT-L htmb"
0.1503,0,1,"MT-L"
NA,0,0,"MT-L"
0.2043,0,1,"MT-L"
0.1683,0,1,"MT-L"
0.1728,0,1,"MT-L"
0.3724,0,0,"MT-L"
NA,0,0,"MT-L"
NA,0,0,"MT-L"
NA,0,0,"MT-L"
NA,0,0,"MT-L"
0.2104,1,0,"MT-H"
0.1912,1,0,"MT-H"
0.2069,0,1,"MT-H"
NA,0,0,"MT-L"
0.2951,0,1,"MT-L"
0.1854,1,0,"MT-H"
0.1785,1,0,"MT-H"
NA,0,0,"MT-L"
0.1582,0,1,"MT-L"
NA,0,0,"MT-L"
0.1004,0,0,"MT-L"
0.0539,0,0,"MT-L"
0.2422,0,0,"MT-H"
0.1823,1,0,"MT-H"
0.1923,0,1,"MT-L"
0.434,0,1,"MT-H"
NA,0,0,"MT-L"
0.1701,1,0,"MT-L"
0.2927,0,1,"MT-L"
0.089,0,0,"MT-L"
NA,0,0,"MT-L"
0.0125,1,0,"MT-L"
0.3383,0,0,"MT-L"
NA,0,0,"MT-L"
NA,0,0,"MT-L"
NA,0,0,"MT-L"
NA,0,0,"MT-L"
0.1752,1,0,"MT-H"
0.1872,0,1,"MT-L htmb"
0.1717,0,1,"MT-L htmb"
NA,0,0,"MT-L"
0.1082,1,0,"MT-H"
0.1097,1,0,"MT-H"
0.3247,0,0,"MT-L"
0.4863,0,0,"MT-L"
0.2482,0,0,"MT-H"
0.2308,0,0,"MT-H"
0.2741,0,0,"MT-L"
NA,0,0,"MT-L"
NA,0,0,"MT-L"
0.1369,0,0,"MT-H"
0.1403,1,0,"MT-H"
NA,0,0,"MT-L"
NA,0,0,"MT-L"
NA,0,0,"MT-L"
0.1139,0,0,"MT-L"
NA,0,0,NA
NA,0,0,"MT-L"
0.2075,1,0,NA
0.1918,1,0,NA
0.0323,0,0,"MT-H"
NA,0,0,"MT-L"
NA,0,0,"MT-L"
0.2241,0,1,"MT-L htmb"
0.2407,0,1,"MT-L htmb"
0.5689,0,0,"MT-L"
NA,0,0,"MT-L"
NA,0,0,"MT-L"
0.2419,1,0,"MT-L htmb"
0.2825,1,0,"MT-L htmb"
0.2763,0,0,"MT-L htmb"
NA,0,0,"MT-L"
0.2635,0,0,"MT-L"
0.1519,0,0,"MT-L"
0.4032,0,0,"MT-L"
0.0207,0,1,"MT-H"
0.2223,1,0,"MT-L"
NA,0,0,"MT-L"
NA,0,0,"MT-L"
NA,0,0,"MT-L"
NA,0,0,"MT-L"
NA,0,0,"MT-L"
0.213,0,1,"MT-H"
0.3517,1,0,"MT-H"
0.6794,0,0,"MT-L"
0.1717,0,0,"MT-L htmb"
0.1714,0,0,"MT-L htmb"
0.3734,0,0,"MT-L"
NA,0,0,"MT-L"
0.2328,1,0,"MT-L"
NA,0,0,"MT-L"
0.4371,1,0,"MT-L htmb"
0.359,1,0,"MT-L htmb"
0.1132,0,1,"MT-L"
0.087,0,0,"MT-L"
0.2029,1,0,"MT-L"
NA,0,0,"MT-L"
NA,0,0,"MT-L"
0.2452,1,0,"MT-L htmb"
0.0665,1,0,"MT-L htmb"
0.0112,0,1,"MT-L htmb"
0.0165,0,1,"MT-L htmb"
0.3258,0,0,"MT-L htmb"
0.3546,0,0,"MT-L htmb"
0.0348,0,1,"MT-L"
0.455,0,1,"MT-L"
NA,0,0,"MT-L"
0.0789,0,1,"MT-L"
0.3642,0,0,"MT-L"
NA,0,0,"MT-L"
0.6226,0,0,"MT-L"
NA,0,0,"MT-L"
NA,0,0,"MT-L"
0.231,0,1,"MT-L"
NA,0,0,"MT-L"
0.1403,0,1,"MT-H"
0.1359,1,0,"MT-H"
0.4685,0,0,"MT-L"
0.1985,1,0,"MT-H"
0.2257,1,0,"MT-H"
NA,0,0,"MT-L"
0.1847,0,0,"MT-L"
0.2245,1,0,"MT-L"
0.5135,0,1,"MT-L"
0.1276,1,0,"MT-L"
NA,0,0,"MT-L"
0.0424,0,1,"MT-L"
0.0297,0,1,"MT-H"
0.226,0,0,"MT-L"
0.3571,0,1,"MT-H"
NA,0,0,"MT-L"
0.1297,0,1,"MT-H"
0.1337,1,0,"MT-H"
NA,0,0,"MT-L"
0.1289,1,0,"MT-L"
0.1402,0,1,"MT-L"
NA,0,0,"MT-L"
NA,0,0,"MT-L"
0.4616,1,0,"MT-H"
0.6272,0,0,"MT-L"
0.1993,1,0,"MT-L"
0.0585,0,0,"MT-L"
0.3548,1,0,"MT-L"
0.0336,1,0,"MT-L"
0.0376,1,0,"MT-L htmb"
0.0299,0,0,"MT-L htmb"
0.0338,0,1,"MT-L htmb"
0.4357,1,0,"MT-L htmb"
NA,0,0,"MT-L"
0.1492,1,0,"MT-H"
0.1997,1,0,"MT-H"
0.093,1,0,"MT-H"
0.1175,1,0,"MT-H"
0.4794,0,0,"MT-L"
NA,0,0,"MT-L"
0.3569,0,0,"MT-L"
NA,0,0,"MT-L"
0.581,0,0,"MT-L"
0.0604,0,1,"MT-L"
NA,0,0,"MT-L"
0.1547,1,0,"MT-L"
NA,0,0,"MT-L"
0.4045,0,0,"MT-L"
NA,0,0,"MT-L"
0.2616,0,0,"MT-L"
0.0756,0,1,"MT-L"
NA,0,0,"MT-L"
0.2492,0,0,"MT-L"
0.1757,0,0,"MT-L"
0.4818,1,0,"MT-L"
0.2136,1,0,"MT-L"
0.29,0,1,"MT-L"
NA,0,0,"MT-L"
NA,0,0,"MT-L"
0.0567,0,0,"MT-L"
0.1706,0,0,"MT-H"
0.17,1,0,"MT-H"
0.337,0,0,"MT-L"
0.1874,0,0,"MT-L"
NA,0,0,"MT-L"
NA,0,0,"MT-L"
0.1049,0,1,"MT-L"
0.2003,1,0,"MT-L"
0.2144,0,1,"MT-L"
NA,0,0,"MT-L"
0.0102,0,1,"MT-L"
0.0152,1,0,"MT-L"
NA,0,0,"MT-L"
NA,0,0,"MT-L"
0.2298,1,0,"MT-H"
0.1904,1,0,"MT-H"
0.2614,0,0,"MT-L"
0.1851,1,0,"MT-L"
0.2515,1,0,"MT-L"
NA,0,0,"MT-L"
0.0242,0,0,"MT-L"
0.2227,1,0,"MT-H"
0.2582,0,0,"MT-H"
NA,0,0,"MT-L"
0.1929,0,0,"MT-L"
0.3185,1,0,"MT-L"
0.1965,1,0,"MT-H"
NA,0,0,"MT-L"
0.1462,1,0,"MT-H"
0.2022,1,0,"MT-H"
0.3439,0,0,"MT-L"
0.1168,0,1,"MT-L"
0.0472,0,1,"MT-L"
NA,0,0,"MT-L"
NA,0,0,"MT-L"
NA,0,0,"MT-L"
NA,0,0,"MT-L"
0.3044,0,1,"MT-L"
NA,0,0,"MT-L"
0.1594,0,0,"MT-H"
NA,0,0,"MT-L"
NA,0,0,"MT-L"
NA,0,0,"MT-L"
NA,0,0,"MT-L"
0.318,0,1,"MT-L"
0.3785,0,0,"MT-L"
NA,0,0,"MT-L"
NA,0,0,"MT-L"
NA,0,0,"MT-L"
0.443,1,0,"MT-L"
NA,0,0,"MT-L"
0.4706,0,1,"MT-L"
NA,0,0,"MT-L"
NA,0,0,"MT-L"
NA,0,0,"MT-L"
0.279,0,1,"MT-L"
0.2529,1,0,"MT-L"
NA,0,0,"MT-L"
0.4562,0,0,"MT-L"
NA,0,0,"MT-L"
0.3975,0,0,"MT-L"
NA,0,0,"MT-L"
0.3485,0,0,"MT-L"
NA,0,0,"MT-L"
NA,0,0,"MT-L"
NA,0,0,"MT-L"
NA,0,0,"MT-L"
NA,0,0,"MT-L"
NA,0,0,"MT-L"
0.4224,1,0,"MT-L"
0.1799,1,0,"MT-H"
0.217,1,0,"MT-L"
0.1253,0,1,"MT-L htmb"
0.175,1,0,"MT-L"
0.2819,0,0,"MT-L"
0.3593,1,0,"MT-L"
NA,0,0,"MT-L"
NA,0,0,"MT-L"
0.3965,0,0,"MT-L"
NA,0,0,"MT-L"
0.0792,0,0,"MT-L htmb"
0.2329,0,0,"MT-L htmb"
0.0203,0,0,"MT-H"
0.2693,1,0,"MT-H"
0.2313,0,0,"MT-H"
0.2731,0,0,"MT-H"
0.1803,0,1,"MT-L"
0.4306,1,0,"MT-L"
0.2961,0,1,"MT-L htmb"
0.2678,0,0,"MT-L htmb"
NA,0,0,"MT-L"
0.5318,1,0,"MT-L"
NA,0,0,"MT-L"
NA,0,0,"MT-L"
0.1153,0,1,"MT-L"
NA,0,0,"MT-L"
NA,0,0,"MT-L"
0.6808,0,0,"MT-L"
0.0254,0,1,"MT-L"
0.4611,1,0,"MT-L"
0.2295,0,1,"MT-L htmb"
NA,0,0,"MT-L"
NA,0,0,"MT-L"
NA,0,0,"MT-L"
0.2507,0,0,"MT-L"
0.1322,1,0,"MT-L"
NA,0,0,"MT-L"
NA,0,0,"MT-L"
0.5739,0,0,"MT-L"
0.2923,1,0,"MT-L"
NA,0,0,"MT-L"
0.1058,0,0,"MT-L"
0.4614,1,0,"MT-L"
NA,0,0,"MT-L"
0.3143,1,0,"MT-L"
0.2258,0,0,"MT-L"
0.3964,0,1,"MT-L"
NA,0,0,"MT-L"
0.1376,0,1,"MT-L"
0.181,0,0,"MT-L htmb"
0.1797,1,0,"MT-L htmb"
0.1887,0,1,"MT-L htmb"
NA,0,0,"MT-L"
0.1282,1,0,"MT-H"
0.1341,1,0,"MT-H"
NA,0,0,"MT-L"
NA,0,0,"MT-L"
0.2361,0,1,"MT-L"
0.3246,1,0,"MT-H"
0.3448,1,0,"MT-H"
NA,0,0,"MT-L"
NA,0,0,"MT-L"
0.4605,0,0,"MT-L"
0.0298,0,1,"MT-L"
0.0347,0,1,"MT-L"
NA,0,0,"MT-L"
0.1441,1,0,"MT-H"
0.0777,0,1,"MT-H"
0.0741,1,0,"MT-H"
0.4733,1,0,"MT-H"
NA,0,0,"MT-L"
0.3711,1,0,"MT-H"
0.3822,1,0,"MT-H"
0.2047,1,0,"MT-H"
0.2463,0,0,"MT-H"
0.2304,0,0,"MT-H"
0.1713,0,1,NA
0.2144,0,0,NA
NA,0,0,"MT-L"
NA,0,0,"MT-L"
NA,0,0,"MT-L"
NA,0,0,"MT-L"
0.2482,0,1,"MT-L"
0.2171,0,1,"MT-L"
0.181,0,0,"MT-L"
NA,0,0,"MT-L"
0.3674,0,0,"MT-L"
0.3596,0,1,"MT-L"
NA,0,0,"MT-L"
0.1306,0,0,"MT-L"
NA,0,0,"MT-L"
NA,0,0,"MT-L"
NA,0,0,"MT-L"
0.2029,1,0,"MT-L"
NA,0,0,"MT-L"
0.1289,1,0,"MT-H"
0.1604,0,1,"MT-H"
0.1416,1,0,"MT-H"
NA,0,0,"MT-L"
0.088,0,0,"MT-L"
0.1074,1,0,"MT-L"
0.5015,0,0,"MT-L"
0.4891,0,0,"MT-L"
NA,0,0,"MT-L"
NA,0,0,"MT-L"
0.3976,1,0,"MT-L"
0.1949,1,0,"MT-L"
NA,0,0,"MT-L"
NA,0,0,"MT-L"
0.2855,0,1,"MT-L"
0.0929,0,0,"MT-H"
NA,0,0,"MT-L"
0.4495,0,1,"MT-L"
NA,0,0,"MT-L"
0.1075,0,0,"MT-H"
NA,0,0,"MT-L"
NA,0,0,"MT-L"
NA,0,0,"MT-L"
NA,0,0,"MT-L"
NA,0,0,"MT-L"
NA,0,0,"MT-L"
0.1161,0,1,"MT-L"
0.0241,1,0,"MT-L"
0.2981,0,0,"MT-L"
NA,0,0,"MT-L"
0.5404,0,0,"MT-L"
NA,0,0,"MT-L"
0.2119,0,1,"MT-H"
0.2407,1,0,"MT-H"
NA,0,0,"MT-L"
0.1079,0,1,"MT-L"
NA,0,0,"MT-L"
0.3434,0,1,"MT-L"
0.1708,0,0,"MT-L"
0.1512,1,0,"MT-H"
0.0214,0,0,"MT-L"
0.4819,1,0,"MT-L"
NA,0,0,"MT-L"
0.263,0,0,"MT-L"
0.6873,1,0,"MT-L"
0.5209,0,0,"MT-L"
0.0861,0,0,"MT-L"
0.0347,1,0,"MT-L"
0.1596,0,0,"MT-L"
0.207,0,1,"MT-L"
0.17,0,1,"MT-L htmb"
0.199,0,1,"MT-L htmb"
0.172,0,0,"MT-L htmb"
0.1086,0,0,"MT-L htmb"
0.1098,0,0,"MT-L"
0.3105,0,1,"MT-H"
0.5455,1,0,"MT-L"
0.1249,1,0,"MT-L"
0.1807,1,0,"MT-L"
0.1867,0,0,"MT-L"
0.6102,0,0,"MT-H"
0.5906,0,0,"MT-L"
0.1367,1,0,"MT-H"
0.1064,1,0,"MT-H"
0.1102,1,0,"MT-H"
NA,0,0,"MT-L htmb"
0.5122,1,0,"MT-L"
0.2845,0,0,"MT-H"
0.2061,1,0,"MT-H"
0.0701,1,0,"MT-H"
NA,0,0,"MT-L"
NA,0,0,"MT-L"
NA,0,0,"MT-L"
0.2985,1,0,"MT-L"
0.2592,1,0,"MT-L"
0.1084,1,0,"MT-H"
0.2819,0,0,"MT-L"
0.3616,0,0,"MT-L"
NA,0,0,"MT-L"
0.3141,0,0,"MT-L"
0.335,0,0,"MT-L"
0.4368,0,0,"MT-L"
0.3315,0,1,"MT-L"
0.1326,0,1,"MT-L"
NA,0,0,"MT-L"
0.302,0,0,"MT-H"
NA,0,0,"MT-L"
0.2951,1,0,"MT-H"
0.2284,1,0,"MT-H"
0.2593,1,0,"MT-H"
0.1893,0,1,"MT-L"
0.161,0,0,"MT-L"
0.1296,1,0,"MT-L"
0.0742,0,0,"MT-L htmb"
0.1886,1,0,"MT-L htmb"
0.2695,0,1,"MT-L"
NA,0,0,"MT-L"
0.0941,0,0,"MT-L"
NA,0,0,"MT-L"
0.7848,0,0,"MT-L"
0.7737,1,0,"MT-L"
NA,0,0,"MT-L"
0.2646,0,0,"MT-L htmb"
0.0105,0,1,"MT-L htmb"
NA,0,0,"MT-L"
0.1405,1,0,"MT-H"
0.1345,1,0,"MT-H"
NA,0,0,"MT-L"
0.1907,0,1,"MT-L htmb"
0.3192,0,0,"MT-L"
NA,0,0,"MT-L"
0.347,0,0,"MT-L"
0.7045,0,0,"MT-L"
0.1955,1,0,"MT-L"
NA,0,0,"MT-L"
0.1253,0,0,"MT-H"
0.1779,0,1,"MT-H"
NA,0,0,"MT-L"
NA,0,0,"MT-L"
NA,0,0,"MT-L"
NA,0,0,"MT-L"
NA,0,0,"MT-L"
0.4897,0,0,"MT-L"
NA,0,0,"MT-L"
NA,0,0,"MT-L"
NA,0,0,"MT-L"
0.3392,0,1,"MT-H"
0.3163,0,0,"MT-H"
NA,0,0,"MT-L"
NA,0,0,"MT-L"
0.1872,0,0,"MT-L htmb"
0.6667,0,1,"MT-L"
NA,0,0,"MT-L"
0.1696,0,1,"MT-L"
0.2806,0,1,"MT-H"
0.2547,1,0,"MT-H"
0.1246,1,0,"MT-H"
0.1185,0,0,"MT-L"
0.2147,1,0,"MT-L"
0.3279,0,0,"MT-L"
0.4903,0,1,"MT-L"
0.4816,1,0,"MT-H"
0.2689,1,0,"MT-L"
0.5475,0,1,"MT-L"
0.0612,1,0,"MT-L"
0.3492,0,1,"MT-L"
0.6818,1,0,"MT-L"
0.4072,0,0,"MT-L"
0.3846,0,0,"MT-L"
0.2122,1,0,"MT-H"
0.2644,0,1,"MT-H"
NA,0,0,"MT-L"
0.2922,0,0,"MT-L"
0.1436,0,0,"MT-H"
0.4192,0,0,"MT-L"
NA,0,0,"MT-L"
NA,0,0,"MT-L"
0.2868,0,1,"MT-L"
NA,0,0,"MT-L"
0.0722,0,0,"MT-L"
0.102,0,0,"MT-L"
0.0198,0,1,"MT-L"
0.2216,0,0,"MT-L"
NA,0,0,"MT-L"
NA,0,0,"MT-L"
NA,0,0,"MT-L"
0.1702,0,0,"MT-L"
NA,0,0,"MT-L"
NA,0,0,"MT-L"
NA,0,0,"MT-L"
NA,0,0,"MT-L"
NA,0,0,"MT-L"
0.3599,0,1,"MT-L"
NA,0,0,"MT-L"
0.1277,0,0,"MT-L"
0.1785,1,0,"MT-H"
0.1992,0,1,"MT-H"
NA,0,0,"MT-L"
NA,0,0,"MT-L"
NA,0,0,"MT-L"
0.4508,0,0,"MT-L"
0.3669,0,1,"MT-L"
NA,0,0,"MT-L"
NA,0,0,"MT-L"
NA,0,0,"MT-L"
0.165,0,1,"MT-L"
NA,0,0,"MT-L"
0.2827,0,0,"MT-L"
0.1565,0,0,"MT-L"
0.0697,0,1,"MT-L"
0.1825,0,0,"MT-L"
NA,0,0,"MT-L"
0.2201,1,0,"MT-H"
0.2131,1,0,"MT-H"
NA,0,0,"MT-L"
0.5543,0,1,"MT-L"
0.4886,0,1,"MT-L"
NA,0,0,"MT-L"
0.2687,1,0,"MT-H"
0.3316,1,0,"MT-L"
NA,0,0,"MT-L"
NA,0,0,"MT-L"
0.1487,0,0,"MT-L"
NA,0,0,"MT-L"
0.2639,1,0,"MT-H"
0.0809,1,0,"MT-L"
NA,0,0,"MT-L"
NA,0,0,"MT-L"
NA,0,0,"MT-L"
NA,0,0,"MT-L"
0.2981,0,0,"MT-H"
0.268,0,1,"MT-L"
0.2806,0,1,"MT-L htmb"
0.1856,0,0,"MT-L htmb"
0.3404,0,1,"MT-L htmb"
0.1204,0,0,"MT-L"
0.2654,1,0,"MT-L"
0.2635,0,1,"MT-L"
0.3099,0,1,"MT-H"
0.2031,1,0,"MT-L"
0.3246,0,0,"MT-L"
0.1116,0,0,"MT-L"
0.3899,0,1,"MT-L"
NA,0,0,"MT-L"
0.3161,0,1,"MT-L"
0.1667,0,1,"MT-L"
NA,0,0,"MT-L"
NA,0,0,"MT-L"
0.3891,1,0,"MT-L"
0.1195,1,0,"MT-L"
NA,0,0,"MT-L"
NA,0,0,"MT-L"
0.1257,1,0,"MT-L"
0.5005,0,0,"MT-L"
0.4167,0,1,"MT-L"
NA,0,0,"MT-L"
0.5185,0,0,"MT-L"
0.2902,1,0,"MT-L htmb"
0.2871,1,0,"MT-L htmb"
0.3752,1,0,"MT-H"
NA,0,0,"MT-L"
0.3693,0,0,"MT-L"
0.351,0,1,"MT-L"
0.2842,0,1,"MT-L"
0.3935,0,0,"MT-L"
0.4621,0,1,"MT-L"
0.2515,1,0,"MT-L"
0.1491,1,0,"MT-L"
NA,0,0,"MT-L"
0.0726,0,1,"MT-L"
NA,0,0,"MT-L"
NA,0,0,"MT-L"
0.4502,1,0,"MT-L htmb"
0.4189,0,0,"MT-L htmb"
0.4346,1,0,"MT-L htmb"
0.6028,0,1,"MT-L"
0.2415,0,1,"MT-L htmb"
0.2991,0,0,"MT-L htmb"
NA,0,0,"MT-L"
0.4509,0,1,"MT-L"
NA,0,0,"MT-L"
0.3039,0,0,"MT-L"
NA,0,0,"MT-L"
NA,0,0,"MT-L"
NA,0,0,"MT-L"
NA,0,0,"MT-L"
NA,0,0,"MT-L"
NA,0,0,"MT-L"
NA,0,0,"MT-L"
0.181,0,1,"MT-L"
NA,0,0,"MT-L"
NA,0,0,"MT-L"
0.3043,0,1,"MT-L"
NA,0,0,"MT-L"
NA,0,0,"MT-L"
NA,0,0,"MT-L"
NA,0,0,"MT-L"
0.1384,1,0,"MT-H"
0.0129,1,0,"MT-H"
0.2085,1,0,"MT-H"
0.1078,1,0,"MT-L"
NA,0,0,"MT-L"
NA,0,0,"MT-L"
NA,0,0,"MT-L"
NA,0,0,"MT-L"
0.1646,0,1,"MT-L"
0.1577,0,1,"MT-L"
0.3937,0,0,"MT-L"
0.3504,0,0,"MT-L"
0.3504,0,0,"MT-L"
NA,0,0,"MT-L"
0.1802,0,0,"MT-L"
NA,0,0,"MT-L"
0.0415,1,0,"MT-H"
0.0108,0,1,"MT-L"
0.34,1,0,"MT-L"
0.1412,1,0,"MT-H"
0.1129,1,0,"MT-H"
0.1265,0,1,"MT-H"
0.4027,0,0,"MT-L"
NA,0,0,"MT-L"
NA,0,0,"MT-L"
0.0296,0,0,"MT-L"
0.3043,0,0,"MT-L"
NA,0,0,"MT-L"
0.5875,0,0,"MT-L"
0.1954,0,0,"MT-L"
0.1357,1,0,"MT-L"
0.0954,0,1,"MT-L htmb"
0.1117,1,0,"MT-L htmb"
0.0586,0,1,"MT-L htmb"
0.0616,0,0,"MT-H"
NA,0,0,"MT-L"
0.1451,1,0,"MT-L"
0.8588,0,1,"MT-L"
NA,0,0,"MT-L"
0.3347,1,0,"MT-L htmb"
0.3516,1,0,"MT-L htmb"
0.0642,0,0,"MT-L"
NA,0,0,"MT-L"
0.1437,0,0,"MT-L"
0.102,0,0,"MT-L"
0.2611,0,0,"MT-L"
NA,0,0,"MT-L"
NA,0,0,"MT-L"
NA,0,0,"MT-L"
0.0647,1,0,"MT-L"
0.034,0,1,"MT-L"
0.5146,0,0,"MT-L"
0.0533,0,0,"MT-L"
0.2021,0,0,"MT-L"
0.2353,0,1,"MT-L"
0.1213,0,1,"MT-H"
0.1139,1,0,"MT-H"
NA,0,0,"MT-L"
NA,0,0,"MT-L"
0.5168,1,0,"MT-L"
0.3887,0,0,"MT-L"
NA,0,0,"MT-L"
0.1411,0,0,"MT-H"
0.1325,0,1,"MT-H"
NA,0,0,"MT-L"
0.3966,0,1,"MT-L"
NA,0,0,"MT-L"
NA,0,0,"MT-L"
0.3027,0,1,"MT-L"
0.5107,0,1,"MT-H"
0.4816,0,0,"MT-L"
0.2317,1,0,"MT-L"
0.2388,1,0,"MT-L"
0.1304,0,0,"MT-L"
0.3263,1,0,"MT-L"
NA,0,0,"MT-L"
0.1134,0,0,"MT-L"
0.3619,0,1,"MT-L"
NA,0,0,"MT-L"
NA,0,0,"MT-L"
NA,0,0,"MT-L"
0.6682,0,0,"MT-L"
0.6263,0,0,"MT-L"
NA,0,0,"MT-L"
0.4844,0,1,"MT-L"
0.351,0,0,"MT-L"
0.8428,0,0,"MT-L"
0.3465,1,0,"MT-L"
0.2626,0,1,"MT-L"
NA,0,0,"MT-L"
0.4126,0,0,"MT-L htmb"
0.4192,1,0,"MT-L htmb"
0.0653,1,0,"MT-L"
0.1728,0,1,"MT-L"
0.1896,0,1,"MT-L"
NA,0,0,"MT-L"
NA,0,0,"MT-L"
NA,0,0,"MT-L"
0.1839,0,0,"MT-L"
NA,0,0,"MT-L"
NA,0,0,"MT-L"
0.3716,0,0,"MT-L"
0.1605,1,0,"MT-L"
NA,0,0,"MT-L"
NA,0,0,"MT-L"
0.4352,1,0,"MT-L"
0.4282,0,0,"MT-L"
NA,0,0,"MT-L"
NA,0,0,"MT-L"
0.1597,0,1,"MT-L"
0.2518,0,0,"MT-L"
0.3312,1,0,"MT-H"
NA,0,0,"MT-L"
0.1029,1,0,"MT-L"
0.363,1,0,"MT-L"
NA,0,0,"MT-L"
0.1496,0,0,"MT-L"
0.1482,0,0,"MT-L"
0.1089,0,0,"MT-L"
0.2456,0,0,"MT-L"
0.285,0,0,"MT-L"
NA,0,0,"MT-L"
0.2308,0,0,"MT-H"
NA,0,0,"MT-L"
NA,0,0,"MT-L"
NA,0,0,"MT-L"
NA,0,0,"MT-L"
0.5249,0,0,"MT-L"
0.0154,0,1,"MT-L"
0.4287,0,1,"MT-H"
0.3333,1,0,"MT-L"
0.8206,0,0,"MT-L"
0.1213,0,1,"MT-L"
0.0331,1,0,"MT-L"
NA,0,0,"MT-L"
0.3534,0,0,"MT-H"
0.2432,1,0,"MT-H"
0.241,0,0,"MT-L"
NA,0,0,"MT-L"
NA,0,0,"MT-L"
NA,0,0,"MT-L"
NA,0,0,"MT-L"
0.155,0,0,"MT-H"
0.6102,0,1,"MT-L"
0.3573,1,0,"MT-L"
0.3444,0,0,"MT-H"
0.3156,0,1,"MT-H"
NA,0,0,"MT-L"
0.2461,0,0,"MT-H"
0.2725,1,0,"MT-H"
NA,0,0,"MT-L"
0.5723,0,1,"MT-L"
0.1691,1,0,"MT-H"
0.1542,1,0,"MT-H"
NA,0,0,"MT-L"
0.4542,0,0,"MT-L"
0.2529,0,0,"MT-H"
0.8305,0,0,"MT-H"
0.425,0,0,"MT-L"
0.5441,1,0,"MT-L"
0.8089,0,0,"MT-L"
NA,0,0,"MT-L"
NA,0,0,"MT-L"
0.2873,1,0,"MT-L"
NA,0,0,"MT-L"
NA,0,0,"MT-L"
0.505,0,0,"MT-L"
0.4324,0,0,"MT-L"
0.0743,0,1,"MT-L htmb"
NA,0,0,"MT-L"
NA,0,0,"MT-L"
NA,0,0,"MT-L"
NA,0,0,"MT-L"
NA,0,0,"MT-L"
0.0861,1,0,"MT-L"
NA,0,0,"MT-L"
0.2483,0,0,"MT-L"
0.7578,0,1,"MT-L"
NA,0,0,"MT-L"
NA,0,0,"MT-L"
0.1042,0,0,"MT-L"
NA,0,0,"MT-L"
0.3529,1,0,"MT-L"
NA,0,0,"MT-L"
0.2672,0,1,"MT-L"
NA,0,0,"MT-L"
0.1343,1,0,"MT-L"
NA,0,0,"MT-L"
0.2074,1,0,"MT-L"
0.5202,0,0,"MT-H"
0.3349,0,1,"MT-H"
0.1627,0,0,"MT-H"
NA,0,0,"MT-L"
0.0405,0,0,"MT-L"
0.1578,0,0,"MT-L"
NA,0,0,"MT-L"
0.7072,0,0,"MT-L"
0.2184,0,0,"MT-L"
0.081,0,0,"MT-L"
NA,0,0,"MT-L"
NA,0,0,"MT-L"
0.2412,0,0,"MT-L"
NA,0,0,"MT-L"
NA,0,0,"MT-L"
0.277,0,1,"MT-H"
0.2339,0,1,"MT-H"
NA,0,0,"MT-L"
0.1384,0,0,"MT-H"
NA,0,0,"MT-L"
0.3745,1,0,"MT-H"
0.4882,0,1,"MT-H"
NA,0,0,"MT-L"
0.2022,1,0,"MT-L"
0.2482,0,0,"MT-L"
NA,0,0,"MT-L"
0.3474,0,1,"MT-L"
0.8473,1,0,"MT-L"
0.2859,0,0,"MT-L"
NA,0,0,"MT-L"
NA,0,0,"MT-L"
NA,0,0,"MT-L"
0.0327,1,0,"MT-H"
0.167,1,0,"MT-H"
0.1277,0,0,"MT-H"
0.1983,0,0,"MT-L"
NA,0,0,"MT-L"
NA,0,0,"MT-L"
0.2184,0,1,"MT-L"
0.2832,0,0,"MT-L"
NA,0,0,"MT-L"
0.1512,0,0,"MT-H"
0.1536,0,0,"MT-L"
NA,0,0,"MT-L"
NA,0,0,"MT-L"
NA,0,0,"MT-L"
0.3672,0,0,"MT-L"
NA,0,0,"MT-L"
NA,0,0,"MT-L"
0.0755,0,0,"MT-L"
0.1685,1,0,"MT-H"
0.187,1,0,"MT-H"
0.3924,1,0,"MT-L"
0.2996,1,0,"MT-L"
0.1899,1,0,"MT-L"
NA,0,0,"MT-L"
0.0484,0,0,"MT-L"
0.0909,0,1,"MT-L"
0.2945,0,0,"MT-H"
0.265,1,0,"MT-H"
0.3873,0,1,"MT-L"
0.2706,0,0,"MT-L"
NA,0,0,"MT-L"
NA,0,0,"MT-L"
0.0878,1,0,"MT-H"
0.3454,0,0,"MT-L"
0.311,0,0,"MT-L"
0.1856,0,0,"MT-L"
NA,0,0,"MT-L"
0.4918,0,0,"MT-L"
NA,0,0,"MT-L"
0.0114,1,0,"MT-L"
0.5694,0,1,"MT-L"
0.137,1,0,"MT-L"
NA,0,0,"MT-L"
0.1607,1,0,"MT-H"
0.0919,0,1,"MT-H"
NA,0,0,"MT-L"
0.2521,1,0,"MT-H"
NA,0,0,"MT-L"
0.2135,0,1,"MT-L"
NA,0,0,"MT-L"
0.08,0,0,"MT-H"
NA,0,0,"MT-L"
NA,0,0,"MT-L"
0.32,0,0,"MT-L"
NA,0,0,"MT-L"
NA,0,0,"MT-L"
0.2,0,1,NA
0.2,0,1,NA
0.18,0,0,NA
0.41,0,0,"MT-L"
0.45,0,1,"MT-L"
0.25,1,0,"MT-L"
0.05,1,0,NA
0.45,0,0,"MT-H"
0.58,1,0,"MT-H"
0.28,0,1,"MT-L"
0.06,1,0,NA
NA,0,0,"MT-L"
NA,0,0,"MT-L"
0.23,0,0,"MT-L"
0.36,1,0,"MT-L"
0.14,1,0,"MT-L"
NA,0,0,"MT-L"
0.03,0,0,"MT-L"
0.07,0,1,"MT-L"
0.53,0,0,"MT-L"
0.51,0,0,"MT-L"
NA,0,0,"MT-L"
NA,0,0,"MT-L"
0.17,0,0,"MT-L"
NA,0,0,"MT-L"
0.11,1,0,"MT-L"
0.31,0,1,"MT-L"
0.03,0,1,"MT-L"
0.3,1,0,"MT-L"
0.06,0,1,"MT-L"
NA,0,0,"MT-L"
0.51,1,0,"MT-H"
0.08,0,1,"MT-L"
NA,0,0,"MT-L"
NA,0,0,"MT-L"
0.19,1,0,"MT-H"
0.19,1,0,"MT-H"
0.15,0,0,"MT-L"
0.57,0,1,"MT-L"
0.12,1,0,"MT-H"
0.26,0,0,"MT-L"
0.32,0,0,"MT-L"
NA,0,0,"MT-L"
0.06,1,0,"MT-L"
0.09,1,0,"MT-L"
0.32,0,0,"MT-L"
NA,0,0,"MT-L"
0.15,1,0,"MT-H"
0.12,1,0,"MT-H"
0.34,1,0,"MT-L"
0.52,0,1,"MT-L"
NA,0,0,"MT-L"
0.25,0,0,"MT-L"
0.65,0,0,"MT-L"
NA,0,0,"MT-L"
NA,0,0,"MT-L"
NA,0,0,"MT-L"
0.12,0,0,"MT-L"
0.12,0,0,"MT-L"
0.09,1,0,"MT-H"
0.48,0,0,"MT-L"
0.76,0,1,"MT-L"
0.23,0,0,"MT-L"
NA,0,0,"MT-L"
0.34,0,0,"MT-L"
0.39,0,0,"MT-L"
0.25,0,0,"MT-L"
0.36,0,1,"MT-L"
0.26,1,0,"MT-L"
NA,0,0,"MT-L"
0.08,0,0,"MT-H"
0.29,1,0,"MT-L"
0.26,1,0,"MT-H"
0.27,0,0,"MT-H"
NA,0,0,"MT-L"
0.06,0,1,"MT-L"
0.06,0,1,"MT-L"
NA,0,0,"MT-L"
0.03,0,1,"MT-L"
NA,0,0,"MT-L"
NA,0,0,"MT-L"
0.13,1,0,"MT-L"
0.24,0,0,"MT-L"
0.07,0,0,"MT-L"
0.13,1,0,"MT-L"
0.19,1,0,"MT-H"
0.2,1,0,"MT-H"
0.34,1,0,"MT-L"
0.23,1,0,"MT-L"
0.09,0,0,"MT-L"
0.24,0,0,"MT-H"
NA,0,0,"MT-L"
0.28,0,1,"MT-L"
NA,0,0,"MT-L"
NA,0,0,"MT-L"
0.09,0,0,"MT-L"
0.49,1,0,"MT-L"
0.72,0,0,"MT-L"
0.39,0,0,"MT-L"
0.41,0,1,"MT-L"
0.27,0,0,"MT-L"
0.32,0,1,"MT-L"
0.06,1,0,"MT-L"
0.39,0,1,"MT-L"
0.02,1,0,"MT-L"
NA,0,0,"MT-L"
NA,0,0,"MT-L"
NA,0,0,"MT-L"
NA,0,0,"MT-L"
0.15,0,1,"MT-L"
0.26,1,0,"MT-L"
0.19,0,0,"MT-L"
0.12,0,1,"MT-L"
NA,0,0,"MT-L"
NA,0,0,"MT-L"
NA,0,0,"MT-L"
NA,0,0,"MT-L"
0.13,0,0,"MT-H"
0.28,1,0,"MT-L"
0.14,0,0,"MT-H"
0.12,1,0,"MT-H"
NA,0,0,"MT-L"
NA,0,0,"MT-L"
NA,0,0,"MT-L"
NA,0,0,"MT-L"
0.6,1,0,"MT-L"
0.31,0,0,"MT-L"
NA,0,0,"MT-L"
0.09,1,0,"MT-L"
NA,0,0,"MT-L"
0.2,0,1,"MT-H"
0.25,0,1,"MT-H"
NA,0,0,"MT-L"
NA,0,0,"MT-L"
0.1,0,0,"MT-L"
0.09,1,0,"MT-L"
0.03,0,1,"MT-L"
0.22,0,0,"MT-L"
NA,0,0,"MT-L"
NA,0,0,"MT-L"
NA,0,0,"MT-L"
NA,0,0,"MT-L"
0.19,0,1,"MT-L"
NA,0,0,"MT-L"
0.13,0,0,"MT-L"
0.11,0,0,"MT-H"
NA,0,0,"MT-L"
0.41,0,0,"MT-L"
0.43,0,0,"MT-L"
NA,0,0,"MT-L"
0.26,0,0,"MT-L"
0.1,0,0,"MT-L"
0.1,1,0,"MT-H"
0.36,0,0,"MT-L"
0.09,0,1,"MT-L"
0.11,0,0,"MT-L"
0.2,1,0,"MT-H"
0.36,0,0,"MT-L"
0.12,0,1,"MT-L"
NA,0,0,"MT-L"
NA,0,0,"MT-L"
NA,0,0,"MT-L"
0.21,1,0,"MT-L"
0.3,0,1,"MT-L"
NA,0,0,"MT-L"
0.32,0,0,"MT-L"
0.39,0,0,"MT-L"
0.84,0,1,"MT-L"
0.03,0,0,"MT-L"
0.24,0,1,"MT-H"
0.26,0,1,"MT-H"
0.18,1,0,"MT-H"
0.24,0,0,"MT-L"
NA,0,0,"MT-L"
NA,0,0,"MT-L"
0.13,1,0,"MT-L"
0.15,0,0,"MT-L"
0.13,1,0,"MT-L"
0.41,0,1,"MT-L"
0.4,0,0,NA
0.41,0,1,NA
0.38,0,0,NA
NA,0,0,"MT-L"
0.06,0,0,NA
0.13,0,0,NA
0.03,0,1,NA
NA,0,0,"MT-L"
0.13,0,1,NA
0.14,0,1,NA
0.1,0,0,"MT-L"
0.69,0,0,"MT-L"
0.37,0,0,"MT-L"
0.5,0,0,"MT-L"
0.41,1,0,"MT-H"
0.53,0,0,"MT-L"
0.46,0,1,"MT-L"
0.02,0,0,"MT-L"
NA,0,0,"MT-L"
0.2,0,1,"MT-L"
NA,0,0,"MT-L"
NA,0,0,"MT-L"
0.18,0,0,"MT-H"
0.16,1,0,"MT-H"
NA,0,0,"MT-L"
NA,0,0,"MT-L"
0.44,0,1,"MT-L"
NA,0,0,"MT-L"
NA,0,0,"MT-L"
NA,0,0,"MT-L"
0.78,0,0,"MT-L"
0.27,0,0,"MT-L"
0.11,0,1,"MT-L"
NA,0,0,"MT-L"
NA,0,0,"MT-L"
0.06,0,0,"MT-L"
0.14,0,0,"MT-L"
NA,0,0,"MT-L"
0.62,0,0,"MT-L"
0.64,0,0,"MT-L"
NA,0,0,"MT-L"
NA,0,0,"MT-L"
NA,0,0,"MT-L"
0.18,0,0,"MT-L"
0.41,1,0,"MT-L"
NA,0,0,"MT-L"
0.2,0,0,"MT-L"
0.5,0,0,"MT-L"
NA,0,0,"MT-L"
NA,0,0,"MT-L"
NA,0,0,"MT-L"
0.25,0,0,"MT-L"
NA,0,0,"MT-L"
NA,0,0,"MT-L"
NA,0,0,"MT-L"
0.48,1,0,"MT-L"
0.39,0,0,"MT-L"
0.21,1,0,"MT-L"
NA,0,0,"MT-L"
NA,0,0,"MT-L"
0.51,1,0,"MT-L"
0.26,0,1,"MT-L"
0.28,1,0,"MT-L"
NA,0,0,"MT-L"
NA,0,0,"MT-L"
NA,0,0,"MT-L"
0.75,0,0,"MT-L"
0.05,0,0,"MT-L"
0.45,0,1,"MT-L"
0.32,0,0,"MT-L"
0.03,1,0,"MT-L"
0.66,0,1,"MT-L"
0.13,0,0,"MT-H"
0.1,1,0,"MT-H"
0.09,1,0,"MT-L"
0.51,0,0,"MT-L"
NA,0,0,"MT-L"
NA,0,0,"MT-L"
NA,0,0,"MT-L"
0.39,0,0,"MT-L"
0.28,1,0,"MT-L"
NA,0,0,"MT-L"
NA,0,0,"MT-L"
NA,0,0,"MT-L"
0.05,1,0,"MT-H"
0.12,0,0,"MT-H"
NA,0,0,"MT-L"
0.23,0,1,"MT-L"
NA,0,0,"MT-L"
0.43,0,1,NA
0.4,0,1,NA
0.12,0,0,"MT-L"
0.11,1,0,"MT-L"
NA,0,0,"MT-L"
NA,0,0,"MT-L"
NA,0,0,"MT-L"
0.3,0,0,"MT-L"
NA,0,0,"MT-L"
0.11,0,0,"MT-L"
0.13,1,0,"MT-H"
0.11,1,0,"MT-H"
0.13,0,0,"MT-H"
NA,0,0,"MT-L"
0.3,0,0,"MT-L"
NA,0,0,"MT-L"
0.47,0,1,"MT-L"
NA,0,0,"MT-L"
0.06,0,1,"MT-L"
0.08,0,1,"MT-H"
0.08,1,0,"MT-H"
0.04,1,0,"MT-L"
0.61,0,0,"MT-L"
NA,0,0,"MT-L"
NA,0,0,"MT-L"
0.13,0,1,"MT-L htmb"
0.03,0,1,"MT-L htmb"
0.13,0,0,"MT-L htmb"
0.12,0,1,"MT-L htmb"
0.07,0,1,"MT-L htmb"
NA,0,0,"MT-L"
0.25,0,1,"MT-L htmb"
0.25,0,0,"MT-L htmb"
0.16,0,0,"MT-L htmb"
NA,0,0,"MT-L"
NA,0,0,"MT-L"
0.34,0,0,"MT-L"
0.14,1,0,"MT-H"
0.15,1,0,"MT-H"
NA,0,0,"MT-L"
0.04,0,1,"MT-L"
NA,0,0,"MT-L"
NA,0,0,"MT-L"
0.09,1,0,"MT-H"
NA,0,0,"MT-H"
0.45,1,0,"MT-H"
NA,0,0,"MT-L"
NA,0,0,"MT-L"
0.06,1,0,"MT-L"
0.67,1,0,"MT-L"
NA,0,0,"MT-L"
0.38,0,0,"MT-L"
NA,0,0,"MT-L"
NA,0,0,"MT-L"
0.33,0,1,"MT-L htmb"
0.05,1,0,"MT-L htmb"
0.19,1,0,"MT-H"
0.19,1,0,"MT-H"
0.28,0,0,"MT-L"
NA,0,0,"MT-L"
0.21,0,0,"MT-L"
0.44,0,0,"MT-L"
NA,0,0,"MT-L"
NA,0,0,"MT-L"
NA,0,0,"MT-L"
0.48,0,0,"MT-L"
0.82,1,0,"MT-L"
0.21,1,0,"MT-L"
0.26,1,0,"MT-H"
0.31,0,0,"MT-H"
NA,0,0,"MT-L"
NA,0,0,"MT-L"
0.43,0,1,"MT-L"
NA,0,0,"MT-L"
NA,0,0,"MT-L"
0.33,0,1,"MT-L"
NA,0,0,"MT-L"
0.11,1,0,"MT-H"
0.14,1,0,"MT-H"
0.13,1,0,"MT-H"
0.28,1,0,"MT-L"
NA,0,0,"MT-L"
0.06,0,0,"MT-H"
0.11,1,0,"MT-L"
NA,0,0,"MT-L"
0.14,1,0,"MT-H"
0.13,0,0,"MT-H"
NA,0,0,"MT-L"
0.28,0,0,"MT-L"
0.49,0,1,"MT-L"
0.31,1,0,"MT-H"
0.35,0,1,"MT-L"
0.41,1,0,"MT-L"
0.09,0,0,"MT-H"
0.42,0,0,"MT-L"
0.14,0,0,"MT-L"
NA,0,0,"MT-L"
NA,0,0,"MT-L"
0.14,0,0,"MT-L"
NA,0,0,"MT-L"
0.5,0,1,"MT-L"
0.12,1,0,"MT-H"
0.12,1,0,"MT-H"
0.11,1,0,"MT-H"
0.19,0,1,"MT-L"
0.3,0,0,"MT-L"
0.5,0,0,"MT-L"
NA,0,0,"MT-L"
NA,0,0,"MT-L"
0.16,0,0,"MT-L"
0.7,0,0,"MT-L"
NA,0,0,"MT-L"
NA,0,0,"MT-L"
0.23,0,1,"MT-L"
NA,0,0,"MT-L"
0.2,1,0,"MT-L htmb"
0.17,0,1,"MT-L htmb"
0.19,0,1,"MT-L htmb"
NA,0,0,"MT-L"
NA,0,0,"MT-L"
0.27,1,0,"MT-L"
0.38,0,0,"MT-L"
NA,0,0,"MT-L"
NA,0,0,"MT-L"
0.39,0,0,"MT-L"
0.4,0,0,"MT-L"
0.3,0,1,"MT-L"
NA,0,0,"MT-L"
NA,0,0,"MT-L"
NA,0,0,"MT-L"
0.13,1,0,"MT-L"
0.2,1,0,"MT-L"
0.24,0,0,"MT-L"
0.1,0,1,"MT-L"
0.48,0,0,"MT-L"
0.61,0,0,"MT-L"
0.55,1,0,"MT-H"
0.22,0,0,"MT-L"
NA,0,0,"MT-L"
0.03,0,1,"MT-L"
0.52,0,0,"MT-L"
0.47,0,0,"MT-L"
NA,0,0,"MT-L"
NA,0,0,"MT-L"
0.03,1,0,"MT-L"
NA,0,0,"MT-L"
0.09,1,0,"MT-L"
NA,0,0,"MT-L"
NA,0,0,"MT-L"
0.18,0,0,"MT-L"
0.02,0,0,"MT-L"
0.19,1,0,"MT-H"
NA,0,0,"MT-L"
0.28,1,0,"MT-L"
0.17,0,0,"MT-L"
0.2,1,0,"MT-H"
0.18,1,0,"MT-H"
0.26,0,1,"MT-L"
NA,0,0,"MT-L"
0.36,0,0,"MT-L"
0.36,0,0,"MT-L"
0.24,0,0,"MT-L"
NA,0,0,"MT-L"
0.21,1,0,"MT-L"
0.38,0,0,"MT-L"
0.46,0,0,"MT-L"
0.15,1,0,"MT-H"
0.16,1,0,"MT-L"
0.1,1,0,"MT-L"
0.17,1,0,"MT-H"
0.16,1,0,"MT-H"
0.13,1,0,"MT-L htmb"
NA,0,0,"MT-L"
NA,0,0,"MT-L"
NA,0,0,"MT-L"
0.32,1,0,"MT-L"
0.15,0,0,"MT-L"
NA,0,0,"MT-L"
0.06,0,0,"MT-L"
0.42,1,0,"MT-L"
0.16,0,0,"MT-L"
NA,0,0,"MT-L"
0.29,1,0,"MT-L"
0.3,1,0,"MT-L"
NA,0,0,"MT-L"
0.09,1,0,"MT-L"
0.08,1,0,"MT-H"
0.54,1,0,"MT-L"
0.22,1,0,"MT-H"
0.21,1,0,"MT-H"
NA,0,0,"MT-L"
0.19,0,0,"MT-H"
0.14,1,0,"MT-H"
0.16,1,0,"MT-H"
NA,0,0,"MT-L"
0.04,0,1,"MT-L"
0.11,0,0,"MT-L"
0.08,0,1,"MT-L"
NA,0,0,"MT-L"
0.18,1,0,"MT-H"
0.2,1,0,"MT-H"
0.21,0,0,"MT-L htmb"
0.2,1,0,"MT-L htmb"
0.32,0,0,"MT-L"
0.18,1,0,"MT-H"
0.19,1,0,"MT-H"
0.18,0,0,"MT-L"
NA,0,0,"MT-L"
0.64,1,0,"MT-L"
NA,0,0,"MT-L"
NA,0,0,"MT-L"
0.13,1,0,"MT-L"
0.13,0,0,"MT-L"
0.08,0,1,"MT-L"
0.46,1,0,"MT-L"
0.23,0,0,"MT-L"
0.31,1,0,"MT-H"
NA,0,0,"MT-L"
0.28,1,0,"MT-L"
0.34,1,0,"MT-L"
NA,0,0,"MT-L"
NA,0,0,"MT-L"
NA,0,0,"MT-L"
0.06,0,0,"MT-L"
0.13,1,0,"MT-H"
0.54,0,0,"MT-L"
0.21,0,1,"MT-L htmb"
0.23,0,1,"MT-L htmb"
0.45,0,0,"MT-L"
0.11,0,0,"MT-H"
NA,0,0,"MT-L"
NA,0,0,"MT-L"
NA,0,0,"MT-L"
0.5,1,0,"MT-L"
0.31,0,0,"MT-L"
0.16,1,0,"MT-L"
NA,0,0,"MT-L"
NA,0,0,"MT-L"
0.22,0,0,"MT-L"
0.51,1,0,"MT-L"
NA,0,0,"MT-L"
0.2,0,1,"MT-L"
0.18,0,0,"MT-H"
0.19,1,0,"MT-H"
0.39,1,0,"MT-L"
0.19,0,0,"MT-L"
0.09,0,0,"MT-L"
0.12,1,0,"MT-L"
0.32,0,0,"MT-L"
NA,0,0,"MT-L"
NA,0,0,"MT-L"
0.03,1,0,"MT-L"
0.29,0,1,"MT-L"
0.3,1,0,"MT-L"
0.13,0,1,"MT-H"
0.56,1,0,"MT-H"
NA,0,0,"MT-L"
0.1,0,1,"MT-H"
0.1,0,1,"MT-H"
0.27,0,0,"MT-L"
NA,0,0,"MT-L"
NA,0,0,"MT-L"
NA,0,0,"MT-L"
NA,0,0,"MT-L"
0.08,0,0,"MT-L"
0.07,0,1,"MT-L"
0.01,0,0,"MT-L"
NA,0,0,"MT-L"
0.09,0,0,"MT-L"
NA,0,0,"MT-L"
0.07,0,0,"MT-L"
0.17,0,0,"MT-H"
NA,0,0,"MT-L"
NA,0,0,"MT-L"
0.52,0,0,"MT-L"
NA,0,0,"MT-L"
0.06,1,0,"MT-L"
NA,0,0,"MT-L"
0.31,1,0,"MT-L"
0.21,0,0,"MT-L"
0.05,1,0,"MT-L"
NA,0,0,"MT-L"
0.54,0,0,"MT-L"
NA,0,0,"MT-L"
0.12,1,0,"MT-H"
0.12,1,0,"MT-H"
0.38,0,1,"MT-L"
NA,0,0,"MT-L"
NA,0,0,"MT-L"
0.2,0,1,"MT-L htmb"
0.23,0,1,"MT-L htmb"
0.2,0,1,"MT-L htmb"
0.24,0,0,"MT-L htmb"
0.69,0,1,"MT-L"
0.2,0,0,"MT-L"
0.41,0,0,"MT-L"
NA,0,0,"MT-L"
0.14,0,0,"MT-L"
NA,0,0,"MT-L"
0.56,1,0,"MT-H"
0.33,0,0,"MT-L"
0.36,1,0,"MT-L"
0.07,0,0,"MT-L htmb"
0.13,1,0,"MT-L htmb"
0.08,0,1,"MT-L htmb"
0.08,0,1,"MT-L htmb"
0.04,0,0,"MT-L htmb"
0.48,0,0,"MT-L"
NA,0,0,"MT-L"
0.5,0,1,"MT-L"
NA,0,0,"MT-L"
NA,0,0,"MT-L"
0.23,0,1,"MT-L"
NA,0,0,"MT-L"
NA,0,0,"MT-L"
NA,0,0,"MT-L"
NA,0,0,"MT-L"
0.03,0,1,"MT-L"
0.17,1,0,"MT-H"
0.16,1,0,"MT-H"
0.07,1,0,"MT-H"
0.03,1,0,"MT-H"
0.28,0,1,"MT-L"
0.07,0,0,"MT-L"
NA,0,0,"MT-L"
NA,0,0,"MT-L"
0.07,0,0,"MT-L"
0.19,0,0,"MT-L"
0.43,0,1,"MT-L"
NA,0,0,"MT-L"
NA,0,0,"MT-L"
0.09,0,1,"MT-L"
NA,0,0,"MT-L"
0.05,1,0,"MT-L"
0.05,0,0,"MT-L"
0.18,1,0,"MT-H"
0.17,1,0,"MT-H"
0.09,0,0,"MT-L"
0.02,0,1,"MT-L"
0.28,0,0,"MT-L"
NA,0,0,"MT-L"
0.47,0,0,"MT-L"
NA,0,0,"MT-L"
NA,0,0,"MT-L"
0.09,0,1,"MT-H"
0.05,1,0,"MT-H"
0.09,1,0,"MT-L"
0.09,1,0,"MT-H"
NA,0,0,"MT-L"
NA,0,0,"MT-L"
NA,0,0,"MT-L"
0.61,0,0,"MT-L"
0.07,0,0,"MT-H"
0.49,0,0,"MT-H"
0.04,0,1,"MT-L"
0.08,0,0,"MT-L"
0.26,1,0,"MT-H"
0.21,1,0,"MT-H"
0.1,0,0,"MT-H"
0.21,0,1,"MT-H"
0.3,1,0,"MT-H"
0.49,1,0,"MT-L"
NA,0,0,"MT-L"
0.22,1,0,"MT-L htmb"
0.28,0,1,"MT-L htmb"
0.1,0,0,"MT-L htmb"
NA,0,0,"MT-L"
NA,0,0,"MT-L"
0.31,1,0,"MT-H"
NA,0,0,"MT-L"
0.23,0,0,"MT-L"
0.08,1,0,"MT-L"
0.22,0,1,"MT-L"
NA,0,0,"MT-L"
NA,0,0,"MT-L"
0.57,0,1,"MT-L"
0.22,0,0,"MT-L"
0.04,0,0,"MT-L"
0.13,0,0,"MT-H"
0.14,1,0,"MT-H"
0.42,1,0,"MT-H"
0.55,0,1,"MT-L"
NA,0,0,"MT-L"
0.27,1,0,"MT-L"
0.29,0,0,"MT-L"
0.12,0,0,"MT-L"
0.48,1,0,"MT-L"
0.12,1,0,"MT-H"
NA,0,0,"MT-L"
0.12,1,0,"MT-L"
0.28,0,0,"MT-L"
NA,0,0,"MT-L"
NA,0,0,"MT-L"
0.29,1,0,"MT-H"
NA,0,0,"MT-L"
NA,0,0,"MT-L"
0.18,0,0,"MT-L"
NA,0,0,"MT-L"
0.64,0,0,"MT-L"
0.27,0,0,"MT-H"
0.27,0,0,"MT-H"
NA,0,0,"MT-L"
0.3,0,0,"MT-L"
NA,0,0,"MT-L"
NA,0,0,"MT-L"
NA,0,0,"MT-L"
0.32,1,0,"MT-L"
0.17,1,0,"MT-H"
0.18,0,0,"MT-H"
NA,0,0,"MT-L"
0.21,0,1,"MT-L htmb"
0.22,0,1,"MT-L"
NA,0,0,"MT-L"
0.42,1,0,"MT-L"
0.3,0,1,"MT-L"
0.11,0,0,"MT-L"
0.45,0,0,"MT-L"
NA,0,0,"MT-L"
0.06,0,1,"MT-L htmb"
0.35,1,0,"MT-L htmb"
0.29,0,1,"MT-L htmb"
0.2,0,0,"MT-L htmb"
0.32,0,0,"MT-L htmb"
0.52,0,0,"MT-L"
0.25,1,0,"MT-H"
0.24,1,0,"MT-H"
NA,0,0,"MT-L"
0.25,0,0,"MT-L"
0.28,0,1,"MT-L"
NA,0,0,"MT-L"
0.34,1,0,"MT-L"
NA,0,0,"MT-L"
0.08,1,0,"MT-H"
NA,0,0,"MT-L"
NA,0,0,"MT-L"
0.24,0,1,"MT-H"
0.25,1,0,"MT-H"
0.04,1,0,"MT-L"
0.03,0,0,"MT-L"
NA,0,0,"MT-L"
0.11,0,0,"MT-L"
0.31,0,1,"MT-L"
0.19,0,1,"MT-L"
0.06,0,1,"MT-L"
0.34,0,1,"MT-L"
0.19,0,1,"MT-L"
NA,0,0,"MT-L"
0.6,0,0,"MT-L"
NA,0,0,"MT-L"
0.23,0,0,"MT-L"
0.22,1,0,"MT-L"
0.44,1,0,"MT-L"
0.84,0,0,"MT-L"
0.02,0,0,"MT-L"
0.57,0,1,"MT-L"
0.3,0,0,"MT-L"
NA,0,0,"MT-L"
0.17,0,0,"MT-L htmb"
0.71,0,0,"MT-L"
NA,0,0,"MT-L"
0.08,0,0,"MT-H"
0.25,0,0,"MT-H"
0.18,1,0,"MT-L"
NA,0,0,"MT-L"
0.26,0,0,"MT-L"
0.27,0,1,"MT-H"
0.27,1,0,"MT-H"
NA,0,0,"MT-L"
0.4,0,0,"MT-L"
NA,0,0,"MT-L"
0.43,0,0,"MT-L"
0.25,0,0,"MT-L htmb"
0.25,0,0,"MT-L htmb"
NA,0,0,"MT-L"
0.61,0,0,"MT-L"
NA,0,0,"MT-L"
0.34,0,1,"MT-L"
NA,0,0,"MT-L"
0.15,0,0,"MT-L"
0.14,0,0,"MT-H"
NA,0,0,"MT-L"
0.15,0,1,"MT-H"
NA,0,0,"MT-L"
NA,0,0,"MT-L"
0.35,0,0,"MT-L"
0.15,0,1,"MT-L"
0.12,0,0,"MT-L"
0.12,0,1,"MT-L"
0.64,0,0,"MT-L"
0.28,0,0,"MT-L"
0.23,0,0,"MT-H"
0.28,1,0,"MT-H"
NA,0,0,"MT-L"
NA,0,0,"MT-L"
0.02,0,1,"MT-L"
0.2,0,0,"MT-L"
0.26,0,1,"MT-L"
NA,0,0,"MT-L"
0.03,0,1,"MT-L"
0.18,1,0,"MT-H"
0.2,1,0,"MT-H"
NA,0,0,"MT-L"
0.49,1,0,"MT-L"
0.16,0,0,"MT-L"
0.25,1,0,"MT-L"
NA,0,0,"MT-L"
NA,0,0,"MT-L"
0.09,0,1,"MT-L htmb"
0.09,1,0,"MT-L htmb"
0.23,0,0,"MT-L"
0.31,1,0,"MT-L"
0.36,0,0,"MT-L"
0.23,1,0,"MT-H"
NA,0,0,"MT-L"
0.12,0,0,"MT-L"
0.09,1,0,"MT-L"
NA,0,0,"MT-L"
0.06,0,0,"MT-L"
0.32,0,0,"MT-H"
0.33,1,0,"MT-H"
0.49,1,0,"MT-L"
0.19,1,0,"MT-H"
NA,0,0,"MT-L"
NA,0,0,"MT-L"
0.07,0,0,"MT-L"
NA,0,0,"MT-L"
NA,0,0,"MT-L"
NA,0,0,"MT-L"
0.09,0,0,"MT-L"
NA,0,0,"MT-L"
0.31,0,1,"MT-L"
0.26,1,0,"MT-L htmb"
0.26,0,0,"MT-L htmb"
0.25,0,0,"MT-L htmb"
NA,0,0,"MT-L"
0.1,0,0,"MT-L htmb"
0.11,0,0,"MT-L"
NA,0,0,"MT-L"
NA,0,0,"MT-L"
0.25,0,0,"MT-L"
0.11,0,1,"MT-L"
0.17,0,0,"MT-L"
0.28,1,0,"MT-L"
NA,0,0,"MT-L"
NA,0,0,"MT-L"
NA,0,0,"MT-L"
0.25,0,0,"MT-L"
0.11,0,1,"MT-L"
0.49,1,0,"MT-L"
0.09,1,0,"MT-H"
0.35,0,1,"MT-L"
NA,0,0,"MT-L"
NA,0,0,"MT-L"
NA,0,0,"MT-L"
0.08,0,0,"MT-L"
0.08,0,0,"MT-L"
0.3025,1,0,"MT-H"
0.48,0,0,"MT-L"
0.33,0,1,"MT-H"
0.05,0,1,"MT-H"
NA,0,0,"MT-L"
0.06,1,0,"MT-H"
NA,0,0,"MT-L"
0.35,0,1,"MT-L htmb"
0.36,1,0,"MT-L htmb"
NA,0,0,"MT-L"
0.19,1,0,"MT-L"
0.15,0,0,"MT-L"
0.1,0,0,"MT-H"
0.09,1,0,"MT-H"
0.09,1,0,"MT-L"
0.76,0,1,"MT-L"
0.23,0,0,"MT-L"
0.19,0,0,"MT-L"
NA,0,0,"MT-L"
0.1352,0,0,"MT-L htmb"
0.15,1,0,"MT-L"
0.04,1,0,"MT-L htmb"
0.28,1,0,"MT-H"
0.02,0,0,"MT-L"
0.23,0,0,"MT-L htmb"
0.18,0,0,"MT-L"
NA,0,0,"MT-L"
0.24,1,0,"MT-H"
0.12,1,0,"MT-L"
0.05,1,0,"MT-H"
0.35,1,0,"MT-L"
NA,0,0,"MT-L"
NA,0,0,"MT-L"
0.44,0,0,"MT-L"
0.33,0,0,"MT-L"
NA,0,0,"MT-L"
NA,0,0,"MT-L"
NA,0,0,"MT-L"
0.23,0,1,"MT-L"
NA,0,0,"MT-L"
0.34,0,0,"MT-L"
0.33,1,0,"MT-L"
0.03,0,1,"MT-L"
NA,0,0,"MT-L"
NA,0,0,"MT-L"
NA,0,0,"MT-L"
0.09,1,0,"MT-L"
0.0843,0,0,"MT-L"
0.3843,1,0,"MT-L htmb"
0.3835,1,0,"MT-L htmb"
0.2342,1,0,"MT-H"
NA,0,0,"MT-L"
0.6853,0,0,"MT-L"
NA,0,0,"MT-L"
0.2457,0,0,"MT-L"
0.0715,0,0,"MT-L"
0.0874,1,0,"MT-H"
0.1023,1,0,"MT-H"
NA,0,0,"MT-L"
0.2162,1,0,"MT-L"
0.221,0,0,"MT-L"
0.0884,1,0,"MT-L"
0.1012,1,0,"MT-H"
0.1517,0,0,"MT-H"
0.1257,1,0,"MT-H"
0.7568,1,0,"MT-L"
0.1994,0,1,"MT-L"
NA,0,0,"MT-L"
NA,0,0,"MT-L"
NA,0,0,"MT-L"
0.2636,0,0,"MT-L"
0.1568,1,0,"MT-L"
NA,0,0,"MT-L"
NA,0,0,"MT-L"
0.0567,0,0,"MT-L"
0.5668,1,0,"MT-L"
NA,0,0,"MT-L"
NA,0,0,"MT-L"
0.1243,0,0,"MT-L"
0.458,0,1,"MT-L"
0.2542,0,0,"MT-L"
0.2566,0,0,"MT-L"
0.4035,0,1,"MT-L"
0.1738,0,0,"MT-L"
0.1977,0,0,"MT-L htmb"
NA,0,0,"MT-L"
NA,0,0,"MT-L"
NA,0,0,"MT-L"
0.1645,0,1,"MT-L"
0.3732,0,0,"MT-L"
0.1867,1,0,"MT-H"
0.1943,1,0,"MT-H"
0.1792,1,0,"MT-H"
0.1604,1,0,"MT-H"
NA,0,0,"MT-L"
0.0401,0,1,"MT-L"
NA,0,0,"MT-L"
NA,0,0,"MT-L"
NA,0,0,"MT-L"
0.1211,0,0,"MT-H"
0.227,1,0,"MT-H"
NA,0,0,"MT-L"
NA,0,0,"MT-L"
0.3979,0,0,"MT-L"
0.4089,1,0,"MT-H"
0.396,0,1,"MT-L"
NA,0,0,"MT-L"
0.0984,0,1,"MT-L"
0.8034,1,0,"MT-L"
0.1588,1,0,"MT-L"
0.0975,0,0,"MT-L"
NA,0,0,"MT-L"
0.2616,0,0,"MT-L htmb"
0.2655,0,0,"MT-L htmb"
0.0698,0,1,"MT-H"
NA,0,0,"MT-L"
NA,0,0,"MT-L"
0.1563,0,0,"MT-L"
0.3263,0,1,"MT-L"
NA,0,0,"MT-L"
0.1693,1,0,"MT-L htmb"
0.1594,0,1,"MT-L htmb"
NA,0,0,"MT-L"
0.2299,1,0,"MT-H"
0.4501,1,0,"MT-L"
0.1731,1,0,"MT-L"
NA,0,0,"MT-L"
0.1697,0,0,"MT-L htmb"
0.1521,1,0,"MT-L htmb"
0.5105,0,1,"MT-L"
0.1128,1,0,"MT-L"
NA,0,0,"MT-L"
NA,0,0,"MT-L"
0.3045,1,0,"MT-L htmb"
0.3249,0,1,"MT-L htmb"
NA,0,0,"MT-L"
0.1049,0,0,"MT-L"
0.2429,1,0,"MT-L"
0.2238,0,0,"MT-L"
0.7159,0,0,"MT-L"
0.1421,0,0,"MT-H"
0.2377,1,0,"MT-H"
0.2233,1,0,"MT-H"
NA,0,0,"MT-L"
NA,0,0,"MT-L"
0.2897,0,1,"MT-L"
NA,0,0,"MT-L"
NA,0,0,"MT-L"
NA,0,0,"MT-L"
0.1064,1,0,"MT-H"
0.2292,0,1,"MT-L"
0.0175,0,1,"MT-L htmb"
0.0115,0,1,"MT-L"
0.1434,0,0,"MT-L"
NA,0,0,"MT-L"
0.5491,0,1,"MT-L"
0.2456,0,0,"MT-L"
NA,0,0,"MT-L"
0.1132,0,0,"MT-L"
NA,0,0,"MT-L"
NA,0,0,"MT-L"
0.1981,0,0,"MT-H"
0.2018,0,0,"MT-L"
0.1658,0,0,"MT-L"
0.0658,0,1,"MT-L"
0.0983,0,1,"MT-L htmb"
0.349,1,0,"MT-H"
NA,0,0,"MT-L"
0.149,1,0,"MT-H"
0.1463,0,1,"MT-L htmb"
0.1468,0,0,"MT-L htmb"
0.8165,1,0,"MT-L"
NA,0,0,"MT-L"
NA,0,0,"MT-L"
NA,0,0,"MT-L"
0.4228,1,0,"MT-L"
NA,0,0,"MT-L"
0.187,1,0,"MT-H"
NA,0,0,"MT-L"
0.028,1,0,"MT-L"
0.3906,0,0,"MT-L"
0.0867,0,1,"MT-L"
0.1151,0,0,"MT-L"
0.1208,0,0,"MT-L"
0.0257,0,0,"MT-L"
0.1305,0,0,"MT-H"
0.0975,1,0,"MT-H"
0.077,0,1,"MT-L"
0.266,0,1,"MT-L"
NA,0,0,"MT-L"
NA,0,0,"MT-L"
NA,0,0,"MT-L"
0.3333,1,0,"MT-L"
0.0438,1,0,"MT-L"
NA,0,0,"MT-L"
0.2,0,1,"MT-L"
0.2643,0,0,"MT-L"
NA,0,0,"MT-L"
0.2917,1,0,"MT-H"
0.2281,0,1,"MT-H"
NA,0,0,"MT-L"
NA,0,0,"MT-L"
NA,0,0,"MT-L"
0.2509,0,0,"MT-L"
0.2624,0,1,"MT-L"
NA,0,0,"MT-L"
0.1632,1,0,"MT-H"
0.6261,1,0,"MT-L"
0.2356,0,0,"MT-L"
NA,0,0,"MT-L"
0.1744,1,0,"MT-H"
0.1268,0,0,"MT-L"
NA,0,0,"MT-L"
0.0548,1,0,"MT-L"
NA,0,0,"MT-L"
NA,0,0,"MT-L"
0.2068,1,0,"MT-L htmb"
0.2531,1,0,"MT-L htmb"
0.4191,0,0,"MT-L"
0.4967,1,0,"MT-L"
NA,0,0,"MT-L"
0.532,1,0,"MT-L"
0.3417,0,0,"MT-L"
0.2978,1,0,"MT-L"
0.3038,0,0,"MT-L"
NA,0,0,"MT-L"
0.201,1,0,"MT-H"
0.1973,0,0,"MT-H"
0.015,0,0,"MT-L"
0.1808,0,1,"MT-L htmb"
0.1745,0,0,"MT-L htmb"
0.874,0,0,"MT-L"
0.1348,1,0,"MT-H"
NA,0,0,"MT-L"
NA,0,0,"MT-L"
0.4687,0,0,"MT-L"
0.1427,1,0,"MT-H"
NA,0,0,"MT-L"
0.3227,0,0,"MT-H"
0.1124,0,0,"MT-L"
0.4513,1,0,"MT-L"
0.27,0,0,"MT-H"
0.2011,1,0,"MT-L"
0.1199,0,0,"MT-L htmb"
0.1043,0,1,"MT-L htmb"
0.0828,0,1,"MT-L htmb"
NA,0,0,"MT-L"
NA,0,0,"MT-L"
0.1319,1,0,"MT-L"
NA,0,0,"MT-L"
0.233,1,0,"MT-H"
0.2428,1,0,"MT-H"
0.06,0,1,"MT-H"
NA,0,0,"MT-L"
0.234,0,0,"MT-L"
0.1786,1,0,"MT-H"
0.2037,1,0,"MT-H"
NA,0,0,"MT-L"
NA,0,0,"MT-L"
0.0482,1,0,"MT-L"
0.3052,0,1,"MT-H"
0.2832,1,0,"MT-H"
NA,0,0,"MT-L"
NA,0,0,"MT-L"
NA,0,0,"MT-L"
NA,0,0,"MT-L"
NA,0,0,"MT-L"
NA,0,0,"MT-L"
0.2314,0,0,"MT-L"
NA,0,0,"MT-L"
NA,0,0,"MT-L"
NA,0,0,"MT-L"
NA,0,0,"MT-L"
NA,0,0,"MT-L"
NA,0,0,"MT-L"
0.3548,0,1,"MT-H"
0.3651,0,0,"MT-L"
NA,0,0,"MT-L"
0.1224,0,1,"MT-L"
0.4631,0,1,"MT-L"
NA,0,0,"MT-L"
0.0447,0,1,"MT-L"
0.5047,0,0,"MT-L"
0.0871,0,1,"MT-H"
0.05,0,1,"MT-L"
0.2855,0,0,"MT-L"
NA,0,0,"MT-L"
0.2519,0,0,"MT-H"
0.6645,0,1,"MT-L"
0.2183,1,0,"MT-H"
0.0733,1,0,"MT-L"
0.4175,0,0,"MT-L"
0.5197,0,0,"MT-L"
0.276,0,0,"MT-L"
NA,0,0,"MT-L"
0.1201,0,1,"MT-L"
0.0754,0,0,"MT-L"
0.1566,0,0,"MT-L"
0.1923,0,1,"MT-H"
0.5317,0,1,"MT-H"
NA,0,0,"MT-L"
0.2248,0,1,"MT-H"
0.2281,0,0,"MT-H"
0.2103,0,0,"MT-H"
0.224,0,0,"MT-H"
0.3816,0,0,"MT-L"
0.1687,0,0,"MT-L"
0.1966,0,0,"MT-L"
0.5983,0,0,"MT-L"
0.1544,1,0,"MT-H"
0.1719,1,0,"MT-H"
0.4567,1,0,"MT-L"
0.0852,0,1,"MT-L"
0.0909,0,1,"MT-L"
0.4084,0,0,"MT-L"
0.3461,1,0,"MT-L"
NA,0,0,"MT-L"
NA,0,0,"MT-L"
0.2215,1,0,"MT-L"
0.2167,0,1,"MT-L"
NA,0,0,"MT-L"
0.1547,0,0,"MT-H"
0.0652,0,0,"MT-H"
0.7912,0,0,"MT-L"
NA,0,0,"MT-L"
NA,0,0,"MT-L"
NA,0,0,"MT-L"
0.434,1,0,"MT-H"
0.05,0,1,"MT-L"
0.5251,1,0,"MT-L htmb"
0.0859,1,0,"MT-L htmb"
0.1595,0,0,"MT-H"
0.1597,1,0,"MT-H"
NA,0,0,"MT-L"
0.3413,0,0,"MT-L"
0.4937,1,0,"MT-L"
0.0273,0,1,"MT-L"
0.0928,0,0,"MT-L"
0.0267,0,1,"MT-L"
0.0566,0,0,"MT-L"
NA,0,0,"MT-L"
NA,0,0,"MT-L"
NA,0,0,"MT-L"
NA,0,0,"MT-L"
0.1643,1,0,"MT-L"
0.1209,1,0,"MT-H"
0.1476,1,0,"MT-H"
0.2213,1,0,"MT-H"
0.2134,0,0,"MT-H"
0.2477,0,0,"MT-L"
0.1937,1,0,"MT-L"
0.3658,0,0,"MT-L"
NA,0,0,"MT-L"
NA,0,0,"MT-L"
0.2706,1,0,"MT-H"
0.0665,1,0,"MT-L"
NA,0,0,"MT-L"
NA,0,0,"MT-L"
NA,0,0,"MT-L"
NA,0,0,"MT-L"
0.3729,0,0,"MT-L"
0.256,1,0,"MT-H"
0.2953,0,0,"MT-H"
0.1322,0,0,"MT-H"
0.6009,1,0,"MT-L"
NA,0,0,"MT-L"
0.1347,0,0,"MT-H"
NA,0,0,"MT-L"
0.487,0,0,"MT-L"
NA,0,0,"MT-L"
0.0348,0,1,"MT-L"
0.0796,1,0,"MT-L"
0.2118,0,0,"MT-L"
0.2355,1,0,"MT-L"
0.1203,0,1,"MT-L"
NA,0,0,"MT-L"
0.134,1,0,"MT-L"
0.0107,1,0,"MT-H"
0.1444,1,0,"MT-L"
NA,0,0,"MT-L"
NA,0,0,"MT-L"
0.7173,0,1,"MT-L"
0.412,0,1,"MT-L"
0.479,0,0,"MT-L"
0.0834,1,0,"MT-L"
NA,0,0,"MT-L"
NA,0,0,"MT-L"
0.2105,1,0,"MT-L"
0.0124,0,1,"MT-L"
0.5495,1,0,"MT-H"
0.1189,0,0,"MT-L"
0.1526,1,0,"MT-H"
0.1701,1,0,"MT-H"
0.1421,0,0,"MT-L"
0.252,0,1,"MT-H"
0.2995,0,0,"MT-H"
NA,0,0,"MT-L"
0.5669,0,1,"MT-L"
0.1543,0,0,"MT-L"
NA,0,0,"MT-L"
NA,0,0,"MT-L"
0.1302,1,0,"MT-H"
NA,0,0,"MT-L"
0.1577,1,0,"MT-L"
NA,0,0,"MT-L"
NA,0,0,"MT-L"
0.0893,1,0,"MT-H"
0.7182,0,0,"MT-L"
0.7848,0,1,"MT-L"
NA,0,0,"MT-L htmb"
NA,0,0,"MT-L"
NA,0,0,"MT-L"
0.1122,1,0,"MT-H"
NA,0,0,"MT-L"
0.0607,0,0,"MT-H"
NA,0,0,"MT-L"
NA,0,0,"MT-L"
0.4995,0,0,"MT-L"
NA,0,0,"MT-L"
0.0685,1,0,"MT-L"
NA,0,0,"MT-L"
NA,0,0,"MT-L"
NA,0,0,"MT-L"
NA,0,0,"MT-L"
0.3374,0,0,"MT-L"
NA,0,0,"MT-L"
0.2824,1,0,"MT-L"
0.5991,0,0,"MT-L"
0.6049,0,1,"MT-L"
NA,0,0,"MT-L"
0.0943,1,0,"MT-L"
0.2528,1,0,"MT-L"
0.045,1,0,"MT-H"
NA,0,0,"MT-L"
0.3514,0,0,"MT-L"
0.3268,0,0,"MT-L"
0.2899,0,0,"MT-L"
0.4968,1,0,"MT-L"
NA,0,0,"MT-L"
0.4769,0,0,"MT-L"
NA,0,0,"MT-L"
0.2601,0,0,"MT-L"
NA,0,0,"MT-L"
0.2317,1,0,"MT-L"
0.4178,0,0,"MT-L"
0.3848,0,1,"MT-L htmb"
0.0495,0,1,"MT-H"
NA,0,0,"MT-L"
0.5568,0,0,"MT-L"
0.1925,1,0,"MT-H"
0.1628,1,0,"MT-H"
0.5433,0,1,"MT-L"
NA,0,0,"MT-L"
0.1606,1,0,"MT-H"
0.2154,0,1,"MT-H"
0.0174,0,0,"MT-L"
0.1909,0,1,"MT-L"
0.3754,1,0,"MT-L"
NA,0,0,"MT-L"
0.2193,0,1,"MT-L"
0.1295,0,0,"MT-L"
0.1099,0,0,"MT-L htmb"
NA,0,0,"MT-L"
0.1672,0,0,"MT-L"
NA,0,0,"MT-L"
0.1722,0,1,"MT-L"
NA,0,0,"MT-L"
0.235,0,1,"MT-L"
0.0812,0,1,"MT-L"
0.1641,0,0,"MT-H"
NA,0,0,"MT-L"
NA,0,0,"MT-L"
NA,0,0,"MT-L htmb"
NA,0,0,"MT-L"
0.2441,0,1,"MT-L"
0.1627,0,0,"MT-L"
0.3962,1,0,"MT-L"
NA,0,0,"MT-L"
0.1473,0,0,"MT-L"
0.5739,0,0,"MT-L"
0.2654,1,0,"MT-H"
NA,0,0,"MT-L"
NA,0,0,"MT-L"
0.1019,0,0,"MT-L"
0.1455,1,0,"MT-L"
0.3521,0,0,"MT-L"
0.5813,0,1,"MT-L"
0.4665,0,0,"MT-L"
NA,0,0,"MT-L"
0.1178,0,1,"MT-L"
0.0927,1,0,"MT-L"
NA,0,0,"MT-L"
NA,0,0,"MT-L"
0.4669,0,0,"MT-L"
0.2496,0,0,"MT-L htmb"
0.2241,0,0,"MT-L htmb"
0.0148,1,0,"MT-L htmb"
NA,0,0,"MT-L"
0.5305,0,0,"MT-L"
0.185,0,0,"MT-L"
NA,0,0,"MT-L"
0.3297,0,0,"MT-L"
NA,0,0,"MT-L"
0.0177,0,0,"MT-H"
0.1381,1,0,"MT-L"
NA,0,0,"MT-L"
0.1083,0,1,"MT-L htmb"
0.1039,0,0,"MT-L htmb"
0.464,0,0,"MT-L"
NA,0,0,"MT-L"
NA,0,0,"MT-L"
0.4332,0,1,"MT-L"
0.286,1,0,"MT-H"
0.2867,0,1,"MT-H"
0.1123,1,0,"MT-L"
0.3654,0,0,"MT-L"
0.4782,0,0,"MT-L"
0.6189,0,0,"MT-L"
0.5787,0,0,"MT-L"
0.0816,0,0,"MT-L"
NA,0,0,"MT-L"
NA,0,0,"MT-L"
NA,0,0,"MT-L"
0.0655,1,0,"MT-L"
NA,0,0,"MT-L"
NA,0,0,"MT-L"
0.1504,1,0,"MT-L"
NA,0,0,"MT-L"
0.235,1,0,"MT-L"
NA,0,0,"MT-L"
0.1911,0,0,"MT-L"
NA,0,0,"MT-L"
NA,0,0,"MT-L"
NA,0,0,"MT-L"
0.3396,0,0,"MT-L"
0.4491,0,0,"MT-L"
NA,0,0,"MT-L"
0.244,1,0,"MT-L htmb"
0.2559,1,0,"MT-L htmb"
NA,0,0,"MT-L"
0.1367,0,0,"MT-L"
NA,0,0,"MT-L"
NA,0,0,"MT-L"
NA,0,0,"MT-L"
0.389,1,0,"MT-L"
NA,0,0,"MT-L"
0.1835,1,0,"MT-H"
0.1958,0,1,"MT-H"
0.186,1,0,"MT-L"
NA,0,0,"MT-L"
0.1485,0,0,"MT-H"
0.1519,0,0,"MT-H"
NA,0,0,"MT-L"
0.3219,0,0,"MT-H"
NA,0,0,"MT-L"
0.014,0,1,"MT-L htmb"
NA,0,0,"MT-L"
NA,0,0,"MT-L"
0.0386,1,0,"MT-L"
NA,0,0,"MT-L"
NA,0,0,"MT-L"
NA,0,0,"MT-L"
0.2788,1,0,"MT-L"
0.4044,0,1,"MT-L"
0.6083,0,0,"MT-H"
0.3766,0,0,"MT-L"
0.119,0,1,"MT-L"
0.2124,0,0,"MT-L"
NA,0,0,"MT-L"
NA,0,0,"MT-L"
0.6244,0,0,"MT-L"
NA,0,0,"MT-L"
0.2968,1,0,"MT-L"
0.1432,0,0,"MT-H"
0.196,0,0,"MT-L"
NA,0,0,"MT-L"
NA,0,0,"MT-L"
0.2841,0,0,"MT-L htmb"
0.2002,1,0,"MT-L"
0.4511,1,0,"MT-L htmb"
0.4074,0,0,"MT-L htmb"
0.4665,0,1,"MT-L htmb"
0.0164,0,1,"MT-L htmb"
0.1691,0,1,"MT-L"
0.2296,1,0,"MT-H"
0.4363,0,0,"MT-L"
NA,0,0,"MT-L"
NA,0,0,"MT-L"
0.2196,0,0,"MT-L"
0.4088,1,0,"MT-L"
0.4863,0,0,"MT-L"
0.0894,1,0,"MT-L"
0.1673,1,0,"MT-H"
0.1937,0,0,"MT-H"
0.1859,0,0,"MT-H"
0.1716,0,1,"MT-L htmb"
0.1444,0,1,"MT-L htmb"
0.0407,0,0,"MT-L htmb"
0.0651,0,0,"MT-L htmb"
0.0759,0,0,"MT-L"
0.1602,1,0,"MT-H"
0.1603,0,1,"MT-H"
NA,0,0,"MT-L"
NA,0,0,"MT-L"
0.0841,1,0,"MT-H"
0.0411,0,1,"MT-H"
0.4699,0,0,"MT-L"
NA,0,0,"MT-L"
0.3327,0,0,"MT-H"
0.4032,0,1,"MT-L"
0.0741,0,1,"MT-L"
0.0373,0,1,"MT-L"
NA,0,0,"MT-L"
0.1394,1,0,"MT-L"
0.2401,0,0,"MT-L"
0.2957,0,0,"MT-L"
NA,0,0,"MT-L"
0.1918,0,1,"MT-L"
0.1694,0,1,"MT-H"
0.2174,1,0,"MT-H"
0.1624,0,0,"MT-L"
0.1054,1,0,"MT-H"
0.4881,0,0,"MT-L"
NA,0,0,"MT-L"
0.2672,0,0,"MT-L htmb"
0.6483,0,1,"MT-L"
0.3036,0,1,"MT-L"
0.2148,1,0,"MT-L"
0.6444,1,0,"MT-H"
0.195,0,0,"MT-H"
0.3657,1,0,"MT-L"
0.3229,0,0,"MT-L"
NA,0,0,"MT-L"
0.3683,0,0,"MT-L"
0.2943,1,0,"MT-L"
0.8609,0,0,"MT-L"
0.2594,1,0,"MT-L"
0.525,0,0,"MT-L"
0.6334,1,0,"MT-L"
NA,0,0,"MT-L"
0.1942,0,0,"MT-L"
0.2226,0,0,"MT-L"
NA,0,0,"MT-L"
NA,0,0,"MT-L"
NA,0,0,"MT-L"
0.3945,0,0,"MT-L"
0.1193,0,1,"MT-H"
0.1405,0,1,"MT-L"
0.2504,1,0,"MT-H"
0.3123,0,0,"MT-L"
NA,0,0,"MT-L"
NA,0,0,"MT-L"
NA,0,0,"MT-L"
0.2065,0,1,"MT-H"
0.1672,1,0,"MT-H"
0.226,1,0,"MT-H"
0.23,0,0,"MT-H"
0.5628,1,0,"MT-L"
0.3307,0,1,"MT-L htmb"
0.3298,0,0,"MT-L htmb"
0.0665,1,0,"MT-L"
NA,0,0,"MT-L"
NA,0,0,"MT-L"
0.4869,0,1,"MT-L"
0.1651,0,0,"MT-L"
0.1224,0,0,"MT-L"
0.1464,0,0,"MT-L"
0.162,0,0,"MT-L"
0.2704,1,0,"MT-L htmb"
NA,0,0,"MT-L"
NA,0,0,"MT-L"
0.4635,0,1,"MT-L"
NA,0,0,"MT-L"
NA,0,0,"MT-L"
0.0198,0,1,"MT-L"
0.3652,0,1,"MT-H"
NA,0,0,"MT-L"
0.3017,1,0,"MT-H"
0.3492,0,1,"MT-H"
0.1096,0,1,"MT-L"
NA,0,0,"MT-L"
0.5357,0,1,"MT-L"
0.1134,1,0,"MT-L"
0.2237,0,1,"MT-L"
0.3903,0,0,"MT-L"
NA,0,0,"MT-L"
NA,0,0,"MT-L"
0.2837,1,0,"MT-L"
NA,0,0,"MT-L"
0.1029,0,0,"MT-L"
NA,0,0,"MT-L"
0.2739,0,1,"MT-H"
0.2211,1,0,"MT-L"
0.2062,0,0,"MT-L"
NA,0,0,"MT-L"
0.5816,1,0,"MT-L"
NA,0,0,"MT-L"
NA,0,0,"MT-L"
NA,0,0,"MT-L"
NA,0,0,"MT-L"
0.2152,0,1,"MT-L"
NA,0,0,"MT-L"
NA,0,0,"MT-L"
0.1809,1,0,"MT-H"
0.2191,1,0,"MT-H"
0.2015,1,0,"MT-H"
0.272,0,1,"MT-L"
NA,0,0,"MT-L"
0.201,0,0,"MT-L"
NA,0,0,"MT-L"
0.1108,1,0,"MT-L"
0.043,0,1,"MT-L"
0.0629,0,0,"MT-L"
NA,0,0,"MT-L"
NA,0,0,"MT-L"
NA,0,0,"MT-L"
0.209,0,0,"MT-L"
0.1012,0,0,"MT-L"
0.6547,0,1,"MT-L"
NA,0,0,"MT-L"
NA,0,0,"MT-L"
NA,0,0,"MT-L"
0.1391,0,0,"MT-L"
NA,0,0,"MT-L"
0.3569,0,0,"MT-L"
0.2448,1,0,"MT-L"
0.1496,0,0,"MT-L"
0.4297,1,0,"MT-L"
0.3345,1,0,"MT-L"
0.1489,1,0,"MT-L"
0.1331,0,0,"MT-L"
0.2357,1,0,"MT-L"
NA,0,0,"MT-L"
NA,0,0,"MT-L"
NA,0,0,"MT-L"
NA,0,0,"MT-L"
NA,0,0,"MT-L"
0.1021,0,0,"MT-L"
NA,0,0,"MT-L"
0.3826,0,0,"MT-L"
0.2613,1,0,"MT-L"
NA,0,0,"MT-L"
NA,0,0,"MT-L"
0.4796,0,0,"MT-L"
NA,0,0,"MT-L"
NA,0,0,"MT-L"
NA,0,0,"MT-L"
0.213,0,1,"MT-L"
NA,0,0,"MT-L"
NA,0,0,"MT-L"
NA,0,0,"MT-L"
NA,0,0,"MT-L"
NA,0,0,"MT-L"
NA,0,0,"MT-L"
0.1538,0,0,"MT-L"
0.1732,0,0,"MT-L"
0.0758,0,0,"MT-L"
NA,0,0,"MT-L"
NA,0,0,"MT-L"
0.1668,0,0,"MT-L"
0.2042,1,0,"MT-H"
0.1449,1,0,"MT-H"
0.5455,1,0,"MT-H"
0.1834,0,0,"MT-L"
NA,0,0,"MT-L"
0.369,0,0,"MT-L"
0.3727,0,0,"MT-L"
0.2477,0,0,"MT-H"
NA,0,0,"MT-L"
0.0576,0,0,"MT-L"
NA,0,0,"MT-L"
0.1486,0,0,"MT-H"
NA,0,0,"MT-L"
0.1,1,0,"MT-L"
0.19,0,0,"MT-H"
0.0694,0,1,"MT-H"
NA,0,0,"MT-L"
0.5054,0,0,"MT-L"
0.1683,0,0,"MT-H"
NA,0,0,"MT-L"
0.2658,0,0,"MT-L"
0.122,0,0,"MT-L"
0.181,0,0,"MT-L htmb"
0.2308,0,1,"MT-L htmb"
0.2417,0,0,"MT-L htmb"
0.0147,0,1,"MT-L htmb"
0.4591,0,1,"MT-L"
0.4398,0,1,"MT-L"
NA,0,0,"MT-L"
0.3022,1,0,"MT-L"
0.1008,0,0,"MT-L"
0.2232,0,0,"MT-L"
NA,0,0,"MT-L"
NA,0,0,"MT-L"
0.0716,0,1,"MT-L htmb"
0.3656,1,0,"MT-L htmb"
0.3018,1,0,"MT-H"
NA,0,0,"MT-L"
NA,0,0,"MT-L"
NA,0,0,"MT-L"
0.0905,0,0,"MT-L"
NA,0,0,"MT-L"
NA,0,0,"MT-L"
0.2047,1,0,"MT-H"
0.2337,1,0,"MT-H"
NA,0,0,"MT-L"
0.2471,0,1,"MT-L"
0.0906,0,0,"MT-L htmb"
0.0944,1,0,"MT-L htmb"
0.1378,0,0,"MT-H"
0.1472,1,0,"MT-H"
NA,0,0,"MT-L"
0.392,0,0,"MT-L"
NA,0,0,"MT-L"
0.0115,0,0,"MT-L"
0.0638,0,0,"MT-L"
0.119,0,0,"MT-L"
0.3358,0,1,"MT-L"
0.3454,0,0,"MT-L"
0.1197,0,0,"MT-L"
NA,0,0,"MT-L"
0.0906,0,1,"MT-L"
0.1042,1,0,"MT-L"
0.6601,0,0,"MT-L"
0.2519,0,0,"MT-H"
0.3146,1,0,"MT-L"
0.0127,0,1,"MT-L htmb"
0.0978,0,0,"MT-L"
NA,0,0,"MT-L"
0.2062,0,0,"MT-L"
NA,0,0,"MT-L"
0.2723,0,0,"MT-L"
0.0243,0,1,"MT-L"
NA,0,0,"MT-L"
0.3924,1,0,"MT-L htmb"
0.3704,0,1,"MT-L htmb"
NA,0,0,"MT-L"
NA,0,0,"MT-L"
0.0331,0,0,"MT-L"
NA,0,0,"MT-L"
0.5079,1,0,"MT-L"
NA,0,0,"MT-L"
0.0808,0,1,"MT-L"
0.2,1,0,"MT-L"
0.7291,0,0,"MT-L"
0.2638,0,0,"MT-L"
0.7292,1,0,"MT-L"
0.2019,0,0,"MT-H"
NA,0,0,"MT-L"
NA,0,0,"MT-L"
0.11,0,0,"MT-H"
0.1121,1,0,"MT-H"
NA,0,0,"MT-L"
0.1683,0,1,"MT-H"
0.1552,1,0,"MT-H"
NA,0,0,"MT-L"
NA,0,0,"MT-L"
0.0952,1,0,"MT-H"
0.2823,1,0,"MT-H"
NA,0,0,"MT-L"
NA,0,0,"MT-L"
NA,0,0,"MT-L"
NA,0,0,"MT-L"
0.4811,0,0,"MT-L"
0.144,0,1,"MT-L"
NA,0,0,"MT-L"
0.1513,1,0,"MT-H"
0.084,1,0,"MT-H"
NA,0,0,"MT-L"
NA,0,0,"MT-L"
0.012,0,0,"MT-L"
0.1506,0,1,"MT-L"
NA,0,0,"MT-L"
NA,0,0,"MT-L"
0.0956,0,0,"MT-L"
0.0971,0,0,"MT-L"
0.309,0,1,"MT-L"
0.2068,0,0,"MT-L"
NA,0,0,"MT-L"
0.3288,0,1,"MT-L"
0.0878,0,1,"MT-L"
NA,0,0,"MT-L"
0.0591,0,0,"MT-L"
0.0226,0,1,"MT-L"
0.0508,1,0,"MT-L"
NA,0,0,"MT-L"
NA,0,0,"MT-L"
NA,0,0,"MT-L"
0.7074,0,1,"MT-L"
NA,0,0,"MT-L"
0.1893,0,0,"MT-L"
0.4934,0,0,"MT-L"
NA,0,0,"MT-L"
NA,0,0,"MT-L"
0.3613,0,0,"MT-L"
NA,0,0,"MT-L"
0.2315,1,0,"MT-L"
0.2896,1,0,"MT-L"
0.1776,0,0,"MT-L"
0.0831,0,1,"MT-L"
0.4338,0,0,"MT-L"
NA,0,0,"MT-L"
NA,0,0,"MT-L"
0.1298,1,0,"MT-H"
0.0947,0,0,"MT-H"
0.3561,0,0,"MT-L"
0.3546,1,0,"MT-L"
0.0156,0,1,"MT-H"
0.2646,0,0,"MT-H"
NA,0,0,"MT-L"
0.086,0,0,"MT-L"
0.3547,0,1,"MT-H"
NA,0,0,"MT-L"
0.1661,0,0,"MT-H"
0.2064,0,0,"MT-H"
0.1537,1,0,"MT-H"
0.0499,0,1,"MT-L"
0.2645,0,0,"MT-H"
0.2179,1,0,"MT-H"
0.1449,0,0,"MT-L"
0.1064,0,0,"MT-L"
0.0669,0,0,"MT-H"
NA,0,0,"MT-L"
0.1818,0,1,"MT-L"
0.4818,1,0,"MT-L"
0.1156,0,0,"MT-H"
0.08,0,1,"MT-H"
0.2226,0,0,"MT-L"
0.2184,0,1,"MT-L"
0.2086,0,1,"MT-L"
NA,0,0,"MT-L"
0.1327,0,0,"MT-L"
NA,0,0,"MT-L"
0.1387,0,0,"MT-L"
0.3078,0,0,"MT-L"
NA,0,0,"MT-L"
0.4414,0,0,"MT-L htmb"
0.0302,0,0,"MT-L"
NA,0,0,"MT-L"
0.5011,0,0,"MT-L"
0.3865,0,0,"MT-L"
NA,0,0,"MT-L"
0.3172,1,0,"MT-L"
0.0554,0,0,"MT-L"
0.314,0,0,"MT-L"
0.6229,0,0,"MT-L"
0.1565,1,0,"MT-L"
0.728,1,0,"MT-L"
NA,0,0,"MT-L"
0.1229,0,0,"MT-H"
0.1161,1,0,"MT-H"
0.2605,1,0,"MT-H"
0.2127,1,0,"MT-H"
NA,0,0,"MT-L"
NA,0,0,"MT-L"
0.4532,0,0,"MT-L"
0.4376,0,1,"MT-L"
0.2338,0,1,"MT-L"
0.0952,1,0,"MT-L"
0.086,0,0,"MT-L"
0.2562,0,1,"MT-L"
NA,0,0,"MT-L"
0.1055,1,0,"MT-L"
NA,0,0,"MT-L"
0.8618,0,1,"MT-L"
0.3552,0,1,"MT-L"
0.3672,0,0,"MT-L"
0.4347,0,1,"MT-L"
0.2905,0,0,"MT-L"
0.2982,0,0,"MT-L"
0.0138,0,1,"MT-H"
NA,0,0,"MT-L"
NA,0,0,"MT-L"
0.1891,1,0,"MT-L"
0.1276,1,0,"MT-L"
0.1276,1,0,"MT-L"
0.0515,1,0,"MT-L"
0.0515,1,0,"MT-L"
0.4675,0,0,"MT-L"
0.2341,1,0,"MT-L"
NA,0,0,"MT-L"
NA,0,0,"MT-L"
0.3688,0,0,"MT-L"
0.0635,1,0,"MT-L"
0.0988,0,0,"MT-L"
0.1022,0,0,"MT-L"
0.1711,0,0,"MT-L"
NA,0,0,"MT-L"
0.2545,0,1,"MT-L htmb"
0.2709,0,1,"MT-L htmb"
0.1048,0,0,"MT-L"
0.0977,0,0,"MT-L"
0.55,0,0,"MT-L"
0.4109,1,0,"MT-L"
0.1931,0,0,"MT-L"
NA,0,0,"MT-L"
0.2993,0,1,"MT-L"
0.0978,0,1,"MT-H"
0.2884,1,0,"MT-H"
NA,0,0,"MT-L"
0.3911,0,0,"MT-L"
0.2389,0,0,"MT-L"
0.6298,0,0,"MT-L"
0.2392,0,0,"MT-L"
0.2056,0,1,"MT-L"
0.3908,1,0,"MT-H"
0.1373,0,0,"MT-L"
0.15,0,1,"MT-L"
0.1562,0,0,"MT-L"
0.3087,1,0,"MT-L"
0.1369,1,0,"MT-H"
0.3166,0,0,"MT-L htmb"
0.5027,0,1,"MT-L"
NA,0,0,"MT-L"
0.389,0,1,"MT-L"
0.1749,0,0,"MT-L"
0.5637,1,0,"MT-H"
NA,0,0,"MT-L"
0.6971,0,1,"MT-L"
NA,0,0,"MT-L"
0.6052,0,1,"MT-L"
0.2035,0,0,"MT-L"
0.0863,0,0,"MT-H"
0.2044,0,1,"MT-H"
0.2805,0,0,"MT-L"
NA,0,0,"MT-L"
NA,0,0,"MT-L"
0.6115,1,0,"MT-L"
0.3242,1,0,"MT-L"
0.2507,0,0,"MT-L"
NA,0,0,"MT-L"
0.5273,0,0,"MT-L"
0.1579,1,0,"MT-H"
0.173,0,1,"MT-H"
0.3965,0,0,"MT-L"
0.3228,1,0,"MT-H"
0.3222,1,0,"MT-H"
NA,0,0,"MT-L"
0.1912,1,0,"MT-H"
0.1931,1,0,"MT-H"
NA,0,0,"MT-L"
0.1136,1,0,"MT-L"
0.2141,0,1,"MT-H"
0.1675,1,0,"MT-H"
NA,0,0,"MT-L"
0.1449,0,0,"MT-L"
NA,0,0,"MT-L"
0.1549,0,0,"MT-L"
0.1418,0,0,"MT-L"
0.1773,0,0,"MT-L"
0.2539,0,0,"MT-L"
0.3015,0,0,"MT-H"
NA,0,0,"MT-L"
0.0959,1,0,"MT-L"
NA,0,0,"MT-L"
NA,0,0,"MT-L"
NA,0,0,"MT-L"
NA,0,0,"MT-L"
0.138,1,0,"MT-H"
0.2068,0,1,"MT-H"
NA,0,0,"MT-L"
0.2957,1,0,"MT-L"
0.6469,0,1,"MT-L"
NA,0,0,"MT-L"
0.0959,1,0,"MT-H"
0.1063,1,0,"MT-H"
0.0234,0,1,"MT-L"
0.0849,0,0,"MT-L"
NA,0,0,"MT-L"
0.2359,0,1,"MT-L"
0.5351,0,0,"MT-L"
0.2056,1,0,"MT-L"
0.0288,0,0,"MT-H"
NA,0,0,"MT-L"
0.392,1,0,"MT-H"
NA,0,0,"MT-L"
0.3384,0,0,"MT-L"
0.0646,0,0,"MT-L"
0.4774,0,0,"MT-L"
0.1245,0,1,"MT-L"
0.0294,0,1,"MT-L"
NA,0,0,"MT-L"
NA,0,0,"MT-L"
0.325,0,1,"MT-L"
0.3699,0,1,"MT-L"
NA,0,0,"MT-L"
NA,0,0,"MT-L"
0.201,1,0,"MT-L htmb"
0.1806,0,1,"MT-L htmb"
NA,0,0,"MT-L"
0.3528,0,0,"MT-L"
0.4894,0,1,"MT-H"
0.2491,0,0,"MT-L"
NA,0,0,"MT-L"
0.2575,0,1,"MT-L htmb"
NA,0,0,"MT-L"
NA,0,0,"MT-L"
0.2877,0,0,"MT-L"
0.6816,0,0,"MT-L htmb"
0.2881,0,0,"MT-L"
NA,0,0,"MT-L"
0.5383,1,0,"MT-L"
NA,0,0,"MT-L"
NA,0,0,"MT-L"
NA,0,0,"MT-L"
NA,0,0,"MT-L"
0.3246,0,1,"MT-L"
NA,0,0,"MT-L"
0.3971,0,0,"MT-L"
0.1806,0,0,"MT-L"
0.3449,0,1,"MT-L"
NA,0,0,"MT-L"
0.339,1,0,"MT-L"
0.0519,0,1,"MT-L"
NA,0,0,"MT-L"
0.0812,0,1,"MT-L"
0.5037,0,0,"MT-L"
0.1108,0,0,"MT-L"
NA,0,0,"MT-L"
0.181,0,1,"MT-L"
NA,0,0,"MT-L"
NA,0,0,"MT-L"
0.1475,1,0,"MT-L"
0.2523,0,0,"MT-L"
NA,0,0,"MT-L"
0.0526,0,0,"MT-H"
0.0851,1,0,"MT-H"
0.1182,1,0,"MT-H"
0.222,1,0,"MT-L"
0.0858,0,0,"MT-L"
NA,0,0,"MT-L"
0.0925,0,0,"MT-L"
NA,0,0,"MT-L"
0.1141,0,1,"MT-H"
0.0209,0,0,"MT-L"
NA,0,0,"MT-L"
0.0519,0,0,"MT-H"
0.3724,0,0,"MT-L"
NA,0,0,"MT-L"
NA,0,0,"MT-L"
NA,0,0,"MT-L"
0.0805,0,1,"MT-L"
0.1769,0,1,"MT-L"
NA,0,0,"MT-L"
0.4409,0,1,"MT-L"
0.0623,0,1,"MT-L"
0.0572,0,1,"MT-L"
NA,0,0,"MT-L"
NA,0,0,"MT-L"
0.1733,1,0,"MT-L"
NA,0,0,"MT-L"
0.0957,0,0,"MT-H"
NA,0,0,"MT-L"
NA,0,0,"MT-L"
0.4145,0,1,"MT-L"
NA,0,0,"MT-L"
0.6478,0,1,"MT-L"
NA,0,0,"MT-L"
0.2214,0,1,"MT-H"
0.2195,0,0,"MT-H"
0.1992,1,0,"MT-H"
0.1245,1,0,"MT-L"
NA,0,0,"MT-L"
NA,0,0,"MT-L"
0.7049,0,1,"MT-L htmb"
0.0173,1,0,"MT-L htmb"
NA,0,0,"MT-L"
0.2565,1,0,"MT-L"
NA,0,0,"MT-L"
0.8614,1,0,"MT-L"
0.1332,1,0,"MT-H"
0.1355,1,0,"MT-H"
0.0092,0,1,"MT-L"
0.3684,0,0,"MT-L"
0.3008,1,0,"MT-L"
0.3316,0,1,"MT-L"
0.1058,0,1,"MT-L"
0.4401,0,0,"MT-L"
0.2428,0,1,"MT-L"
NA,0,0,"MT-L"
0.224,1,0,"MT-H"
0.2067,1,0,"MT-H"
0.0771,0,0,"MT-L"
NA,0,0,"MT-L"
NA,0,0,"MT-L"
NA,0,0,"MT-L"
0.0192,0,1,"MT-H"
NA,0,0,"MT-L"
0.0123,0,0,"MT-L"
0.2676,1,0,"MT-H"
0.0398,0,0,"MT-L"
0.2198,1,0,"MT-H"
0.0999,0,0,"MT-L"
0.2928,0,0,"MT-H"
NA,0,0,"MT-L"
NA,0,0,"MT-L"
0.319,0,1,"MT-L"
0.3812,0,1,"MT-L"
0.0174,0,0,"MT-L"
NA,0,0,"MT-L"
NA,0,0,"MT-L"
