"codon","Freq","Assigned","htsp_status"
6,1,"MT-L htmb","non"
7,23,"MT-L htmb","top_htsp"
11,1,"MT-L htmb","non"
15,4,"MT-L htmb","non"
20,1,"MT-L htmb","non"
24,1,"MT-L htmb","non"
36,1,"MT-L htmb","non"
40,1,"MT-L htmb","non"
41,4,"MT-L htmb","other_htsp"
49,1,"MT-L htmb","non"
53,1,"MT-L htmb","non"
56,2,"MT-L htmb","non"
59,1,"MT-L htmb","non"
62,2,"MT-L htmb","non"
63,1,"MT-L htmb","non"
65,1,"MT-L htmb","non"
66,5,"MT-L htmb","other_htsp"
74,1,"MT-L htmb","non"
80,2,"MT-L htmb","non"
92,3,"MT-L htmb","non"
94,1,"MT-L htmb","non"
99,3,"MT-L htmb","non"
107,1,"MT-L htmb","non"
114,1,"MT-L htmb","non"
115,1,"MT-L htmb","non"
117,1,"MT-L htmb","non"
123,1,"MT-L htmb","non"
128,1,"MT-L htmb","non"
130,41,"MT-L htmb","top_htsp"
134,3,"MT-L htmb","non"
138,1,"MT-L htmb","non"
139,1,"MT-L htmb","non"
142,5,"MT-L htmb","other_htsp"
144,2,"MT-L htmb","non"
154,1,"MT-L htmb","non"
159,1,"MT-L htmb","non"
164,1,"MT-L htmb","non"
173,15,"MT-L htmb","other_htsp"
177,3,"MT-L htmb","non"
182,1,"MT-L htmb","non"
183,4,"MT-L htmb","other_htsp"
186,1,"MT-L htmb","non"
197,1,"MT-L htmb","non"
198,1,"MT-L htmb","non"
201,1,"MT-L htmb","non"
209,2,"MT-L htmb","non"
213,1,"MT-L htmb","non"
226,1,"MT-L htmb","non"
233,2,"MT-L htmb","non"
243,1,"MT-L htmb","non"
245,1,"MT-L htmb","non"
246,4,"MT-L htmb","other_htsp"
252,1,"MT-L htmb","non"
253,1,"MT-L htmb","non"
255,1,"MT-L htmb","non"
268,1,"MT-L htmb","non"
269,1,"MT-L htmb","non"
272,1,"MT-L htmb","non"
288,1,"MT-L htmb","non"
290,1,"MT-L htmb","non"
291,1,"MT-L htmb","non"
299,25,"MT-L htmb","top_htsp"
300,1,"MT-L htmb","non"
308,1,"MT-L htmb","non"
314,1,"MT-L htmb","non"
319,1,"MT-L htmb","non"
336,3,"MT-L htmb","non"
338,1,"MT-L htmb","non"
340,1,"MT-L htmb","non"
341,4,"MT-L htmb","other_htsp"
369,1,"MT-L htmb","non"
371,1,"MT-L htmb","non"
376,1,"MT-L htmb","non"
392,1,"MT-L htmb","non"
1,1,"MT-H","non"
3,1,"MT-H","non"
5,1,"MT-H","non"
14,1,"MT-H","non"
15,1,"MT-H","non"
16,1,"MT-H","non"
24,2,"MT-H","non"
26,1,"MT-H","non"
27,2,"MT-H","non"
31,2,"MT-H","non"
33,7,"MT-H","other_htsp"
34,3,"MT-H","non"
36,2,"MT-H","non"
39,2,"MT-H","non"
45,4,"MT-H","non"
47,2,"MT-H","non"
48,1,"MT-H","non"
52,1,"MT-H","non"
53,2,"MT-H","non"
57,9,"MT-H","other_htsp"
60,1,"MT-H","non"
61,1,"MT-H","non"
63,13,"MT-H","other_htsp"
67,1,"MT-H","non"
68,4,"MT-H","non"
76,4,"MT-H","non"
79,3,"MT-H","non"
81,1,"MT-H","non"
82,1,"MT-H","non"
87,2,"MT-H","non"
89,1,"MT-H","non"
90,8,"MT-H","other_htsp"
91,1,"MT-H","non"
93,3,"MT-H","non"
95,1,"MT-H","non"
96,7,"MT-H","other_htsp"
101,1,"MT-H","non"
104,1,"MT-H","non"
105,3,"MT-H","non"
107,1,"MT-H","non"
108,2,"MT-H","non"
110,1,"MT-H","non"
111,2,"MT-H","non"
113,1,"MT-H","non"
119,1,"MT-H","non"
121,1,"MT-H","non"
122,2,"MT-H","non"
126,2,"MT-H","non"
127,1,"MT-H","non"
129,3,"MT-H","non"
130,27,"MT-H","top_htsp"
132,1,"MT-H","non"
134,3,"MT-H","non"
135,1,"MT-H","non"
136,3,"MT-H","non"
137,1,"MT-H","non"
138,1,"MT-H","non"
143,2,"MT-H","non"
144,2,"MT-H","non"
146,4,"MT-H","non"
148,1,"MT-H","non"
155,2,"MT-H","non"
156,1,"MT-H","non"
157,21,"MT-H","top_htsp"
159,1,"MT-H","non"
160,2,"MT-H","non"
164,9,"MT-H","other_htsp"
165,2,"MT-H","non"
168,2,"MT-H","non"
170,2,"MT-H","non"
173,28,"MT-H","top_htsp"
178,1,"MT-H","non"
185,1,"MT-H","non"
192,1,"MT-H","non"
193,2,"MT-H","non"
194,1,"MT-H","non"
199,1,"MT-H","non"
200,1,"MT-H","non"
201,1,"MT-H","non"
203,1,"MT-H","non"
204,1,"MT-H","non"
205,1,"MT-H","non"
206,1,"MT-H","non"
209,1,"MT-H","non"
211,2,"MT-H","non"
213,1,"MT-H","non"
214,1,"MT-H","non"
215,1,"MT-H","non"
218,3,"MT-H","non"
220,1,"MT-H","non"
228,1,"MT-H","non"
229,1,"MT-H","non"
230,2,"MT-H","non"
233,27,"MT-H","top_htsp"
234,4,"MT-H","non"
246,4,"MT-H","non"
248,2,"MT-H","non"
249,1,"MT-H","non"
250,3,"MT-H","non"
251,5,"MT-H","other_htsp"
252,1,"MT-H","non"
255,2,"MT-H","non"
257,2,"MT-H","non"
261,1,"MT-H","non"
266,1,"MT-H","non"
267,131,"MT-H","top_htsp"
268,20,"MT-H","top_htsp"
270,2,"MT-H","non"
271,1,"MT-H","non"
274,5,"MT-H","other_htsp"
276,2,"MT-H","non"
277,1,"MT-H","non"
283,1,"MT-H","non"
286,2,"MT-H","non"
290,12,"MT-H","other_htsp"
292,1,"MT-H","non"
299,1,"MT-H","non"
300,1,"MT-H","non"
301,1,"MT-H","non"
304,1,"MT-H","non"
305,1,"MT-H","non"
306,1,"MT-H","non"
311,1,"MT-H","non"
316,1,"MT-H","non"
319,7,"MT-H","other_htsp"
323,76,"MT-H","top_htsp"
324,1,"MT-H","non"
325,2,"MT-H","non"
329,1,"MT-H","non"
331,1,"MT-H","non"
332,1,"MT-H","non"
335,6,"MT-H","other_htsp"
345,1,"MT-H","non"
346,1,"MT-H","non"
350,1,"MT-H","non"
354,1,"MT-H","non"
363,1,"MT-H","non"
366,1,"MT-H","non"
370,1,"MT-H","non"
372,1,"MT-H","non"
382,1,"MT-H","non"
1,2,"MT-L","non"
4,1,"MT-L","non"
5,3,"MT-L","non"
6,3,"MT-L","non"
7,5,"MT-L","non"
8,2,"MT-L","non"
10,2,"MT-L","non"
11,1,"MT-L","non"
12,1,"MT-L","non"
13,4,"MT-L","non"
14,5,"MT-L","non"
15,7,"MT-L","non"
16,15,"MT-L","non"
17,12,"MT-L","non"
19,4,"MT-L","non"
21,3,"MT-L","non"
22,2,"MT-L","non"
23,2,"MT-L","non"
24,9,"MT-L","other_htsp"
25,4,"MT-L","non"
26,2,"MT-L","non"
27,16,"MT-L","other_htsp"
28,3,"MT-L","non"
29,1,"MT-L","non"
31,6,"MT-L","non"
32,3,"MT-L","non"
33,15,"MT-L","other_htsp"
34,2,"MT-L","non"
35,9,"MT-L","other_htsp"
36,14,"MT-L","non"
38,9,"MT-L","other_htsp"
39,4,"MT-L","non"
40,2,"MT-L","non"
41,3,"MT-L","non"
42,2,"MT-L","non"
43,6,"MT-L","non"
44,3,"MT-L","non"
45,3,"MT-L","non"
46,3,"MT-L","non"
47,6,"MT-L","non"
48,2,"MT-L","non"
49,2,"MT-L","non"
52,3,"MT-L","non"
53,2,"MT-L","non"
54,2,"MT-L","non"
55,6,"MT-L","non"
56,1,"MT-L","non"
57,9,"MT-L","other_htsp"
59,1,"MT-L","non"
60,2,"MT-L","non"
61,1,"MT-L","non"
63,3,"MT-L","non"
64,2,"MT-L","non"
65,7,"MT-L","non"
66,5,"MT-L","non"
67,1,"MT-L","non"
68,18,"MT-L","other_htsp"
69,4,"MT-L","non"
70,2,"MT-L","non"
71,2,"MT-L","non"
72,2,"MT-L","non"
74,1,"MT-L","non"
76,5,"MT-L","non"
78,1,"MT-L","non"
79,4,"MT-L","non"
80,4,"MT-L","non"
81,2,"MT-L","non"
83,1,"MT-L","non"
85,1,"MT-L","non"
86,2,"MT-L","non"
87,4,"MT-L","non"
88,2,"MT-L","non"
90,1,"MT-L","non"
91,2,"MT-L","non"
92,6,"MT-L","non"
93,12,"MT-L","non"
94,1,"MT-L","non"
95,6,"MT-L","non"
96,4,"MT-L","non"
97,2,"MT-L","non"
98,1,"MT-L","non"
99,2,"MT-L","non"
100,2,"MT-L","non"
101,9,"MT-L","other_htsp"
102,1,"MT-L","non"
104,2,"MT-L","non"
105,7,"MT-L","non"
106,1,"MT-L","non"
107,4,"MT-L","non"
108,3,"MT-L","non"
110,4,"MT-L","non"
111,9,"MT-L","other_htsp"
112,1,"MT-L","non"
113,1,"MT-L","non"
115,1,"MT-L","non"
116,1,"MT-L","non"
117,2,"MT-L","non"
118,2,"MT-L","non"
119,1,"MT-L","non"
120,2,"MT-L","non"
122,5,"MT-L","non"
123,8,"MT-L","other_htsp"
124,8,"MT-L","other_htsp"
125,2,"MT-L","non"
126,13,"MT-L","other_htsp"
127,11,"MT-L","other_htsp"
128,6,"MT-L","non"
129,8,"MT-L","other_htsp"
130,108,"MT-L","top_htsp"
131,7,"MT-L","non"
132,6,"MT-L","non"
133,2,"MT-L","non"
134,6,"MT-L","non"
135,4,"MT-L","non"
136,21,"MT-L","non"
138,5,"MT-L","non"
140,5,"MT-L","non"
141,1,"MT-L","non"
142,5,"MT-L","non"
143,1,"MT-L","non"
144,1,"MT-L","non"
145,2,"MT-L","non"
146,6,"MT-L","non"
147,1,"MT-L","non"
148,2,"MT-L","non"
149,4,"MT-L","non"
150,7,"MT-L","non"
151,1,"MT-L","non"
152,2,"MT-L","non"
154,4,"MT-L","non"
155,10,"MT-L","other_htsp"
156,1,"MT-L","non"
157,9,"MT-L","other_htsp"
159,8,"MT-L","other_htsp"
160,1,"MT-L","non"
161,1,"MT-L","non"
162,3,"MT-L","non"
163,1,"MT-L","non"
165,14,"MT-L","other_htsp"
166,6,"MT-L","non"
167,2,"MT-L","non"
168,1,"MT-L","non"
169,2,"MT-L","non"
170,6,"MT-L","non"
171,12,"MT-L","other_htsp"
172,1,"MT-L","non"
173,67,"MT-L","top_htsp"
174,3,"MT-L","non"
175,2,"MT-L","non"
176,3,"MT-L","non"
177,3,"MT-L","non"
178,5,"MT-L","non"
180,1,"MT-L","non"
181,2,"MT-L","non"
182,2,"MT-L","non"
183,2,"MT-L","non"
184,3,"MT-L","non"
186,2,"MT-L","non"
189,1,"MT-L","non"
193,3,"MT-L","non"
194,2,"MT-L","non"
195,1,"MT-L","non"
196,1,"MT-L","non"
199,2,"MT-L","non"
201,5,"MT-L","non"
202,1,"MT-L","non"
203,1,"MT-L","non"
204,3,"MT-L","non"
205,2,"MT-L","non"
206,1,"MT-L","non"
208,2,"MT-L","non"
209,1,"MT-L","non"
211,8,"MT-L","other_htsp"
213,1,"MT-L","non"
214,7,"MT-L","non"
215,1,"MT-L","non"
216,2,"MT-L","non"
217,3,"MT-L","non"
218,2,"MT-L","non"
219,8,"MT-L","other_htsp"
220,1,"MT-L","non"
222,1,"MT-L","non"
223,1,"MT-L","non"
224,1,"MT-L","non"
225,5,"MT-L","non"
227,1,"MT-L","non"
228,1,"MT-L","non"
229,3,"MT-L","non"
230,1,"MT-L","non"
233,65,"MT-L","top_htsp"
234,3,"MT-L","non"
235,6,"MT-L","non"
236,2,"MT-L","non"
237,1,"MT-L","non"
238,3,"MT-L","non"
239,1,"MT-L","non"
240,4,"MT-L","non"
241,3,"MT-L","non"
242,5,"MT-L","non"
244,4,"MT-L","non"
245,4,"MT-L","non"
246,12,"MT-L","other_htsp"
247,6,"MT-L","non"
248,4,"MT-L","non"
249,2,"MT-L","non"
250,2,"MT-L","non"
251,3,"MT-L","non"
252,6,"MT-L","non"
253,2,"MT-L","non"
254,2,"MT-L","non"
256,3,"MT-L","non"
257,3,"MT-L","non"
258,1,"MT-L","non"
260,2,"MT-L","non"
261,4,"MT-L","non"
262,1,"MT-L","non"
265,2,"MT-L","non"
267,5,"MT-L","non"
268,7,"MT-L","non"
270,2,"MT-L","non"
272,2,"MT-L","non"
273,1,"MT-L","non"
274,7,"MT-L","non"
275,3,"MT-L","non"
276,3,"MT-L","non"
277,9,"MT-L","other_htsp"
278,2,"MT-L","non"
282,1,"MT-L","non"
284,1,"MT-L","non"
285,2,"MT-L","non"
287,3,"MT-L","non"
288,2,"MT-L","non"
290,5,"MT-L","non"
291,4,"MT-L","non"
292,3,"MT-L","non"
293,1,"MT-L","non"
296,1,"MT-L","non"
297,1,"MT-L","non"
298,8,"MT-L","other_htsp"
299,6,"MT-L","non"
300,1,"MT-L","non"
303,2,"MT-L","non"
305,1,"MT-L","non"
306,3,"MT-L","non"
307,5,"MT-L","non"
308,3,"MT-L","non"
310,2,"MT-L","non"
311,2,"MT-L","non"
313,2,"MT-L","non"
314,4,"MT-L","non"
315,2,"MT-L","non"
316,2,"MT-L","non"
317,2,"MT-L","non"
319,54,"MT-L","top_htsp"
320,11,"MT-L","other_htsp"
321,1,"MT-L","non"
322,2,"MT-L","non"
323,20,"MT-L","top_htsp"
324,1,"MT-L","non"
325,2,"MT-L","non"
326,5,"MT-L","non"
327,2,"MT-L","non"
329,1,"MT-L","non"
330,3,"MT-L","non"
331,1,"MT-L","non"
332,1,"MT-L","non"
333,1,"MT-L","non"
334,3,"MT-L","non"
335,16,"MT-L","other_htsp"
336,8,"MT-L","other_htsp"
338,4,"MT-L","non"
339,1,"MT-L","non"
340,5,"MT-L","non"
341,3,"MT-L","non"
342,5,"MT-L","non"
343,3,"MT-L","non"
344,1,"MT-L","non"
345,1,"MT-L","non"
346,1,"MT-L","non"
347,3,"MT-L","non"
348,1,"MT-L","non"
350,1,"MT-L","non"
354,3,"MT-L","non"
357,1,"MT-L","non"
358,1,"MT-L","non"
363,3,"MT-L","non"
366,1,"MT-L","non"
367,2,"MT-L","non"
369,1,"MT-L","non"
377,1,"MT-L","non"
378,1,"MT-L","non"
389,1,"MT-L","non"
394,1,"MT-L","non"
395,1,"MT-L","non"
402,1,"MT-L","non"
