"sample_id","mantis_score","sensor_score","msi_mantis","msi_sensor","msi_tcga"
"TCGA-AF-2687-01",0.3529,0.08,"MSS","MSS",NA
"TCGA-AF-2689-01",0.3486,1.28,"MSS","MSS","MSS"
"TCGA-AF-2690-01",0.3412,0.03,"MSS","MSS",NA
"TCGA-AF-2691-01",0.3267,1.16,"MSS","MSS","MSS"
"TCGA-AF-2692-01",0.3259,1.32,"MSS","MSS","MSS"
"TCGA-AF-2693-01",0.339,0.02,"MSS","MSS",NA
"TCGA-AF-3400-01",0.3156,0.93,"MSS","MSS","MSS"
"TCGA-AF-3911-01",0.3559,0.15,"MSS","MSS",NA
"TCGA-AF-4110-01",0.3522,0.06,"MSS","MSS",NA
"TCGA-AF-5654-01",0.3231,0.19,"MSS","MSS",NA
"TCGA-AF-6136-01",0.3329,0.16,"MSS","MSS",NA
"TCGA-AF-6655-01",0.3465,0.16,"MSS","MSS",NA
"TCGA-AF-6672-01",0.3345,0.02,"MSS","MSS",NA
"TCGA-AF-A56K-01",0.3197,0.29,"MSS","MSS",NA
"TCGA-AF-A56L-01",0.3287,0.22,"MSS","MSS",NA
"TCGA-AF-A56N-01",0.3275,0.54,"MSS","MSS",NA
"TCGA-AG-3574-01",0.3356,0,"MSS",NA,"MSS"
"TCGA-AG-3575-01",0.3841,0,"MSS",NA,"MSS"
"TCGA-AG-3578-01",NA,0,NA,NA,"MSS"
"TCGA-AG-3580-01",0.3094,0.04,"MSS","MSS","MSS"
"TCGA-AG-3581-01",0.3144,0,"MSS",NA,"MSS"
"TCGA-AG-3582-01",NA,0.04,NA,"MSS","MSS"
"TCGA-AG-3583-01",0.3724,0.12,"MSS","MSS","MSS"
"TCGA-AG-3584-01",0.3271,0.35,"MSS","MSS","MSS"
"TCGA-AG-3586-01",NA,0.15,NA,"MSS","MSS"
"TCGA-AG-3587-01",NA,0.23,NA,"MSS","MSS"
"TCGA-AG-3591-01",0.3455,0.09,"MSS","MSS",NA
"TCGA-AG-3592-01",0.3478,0.37,"MSS","MSS",NA
"TCGA-AG-3593-01",NA,0,NA,NA,"MSS"
"TCGA-AG-3594-01",0.3367,0.05,"MSS","MSS","MSS"
"TCGA-AG-3598-01",0.3443,0,"MSS",NA,"MSS"
"TCGA-AG-3599-01",0.3477,0.39,"MSS","MSS","MSS"
"TCGA-AG-3600-01",NA,0.1,NA,"MSS","MSS"
"TCGA-AG-3601-01",NA,1.17,NA,"MSS","MSS"
"TCGA-AG-3602-01",0.341,0,"MSS",NA,"MSS"
"TCGA-AG-3605-01",0.33,0.24,"MSS","MSS","MSS"
"TCGA-AG-3608-01",NA,0.3,NA,"MSS",NA
"TCGA-AG-3609-01",NA,0.03,NA,"MSS","MSS"
"TCGA-AG-3725-01",0.3507,1.05,"MSS","MSS",NA
"TCGA-AG-3726-01",0.293,0.97,"MSS","MSS","MSS"
"TCGA-AG-3727-01",0.2939,1.55,"MSS","MSS","MSS"
"TCGA-AG-3728-01",0.3413,0.43,"MSS","MSS","MSS"
"TCGA-AG-3731-01",0.3516,0.01,"MSS","MSS",NA
"TCGA-AG-3732-01",0.3066,0.34,"MSS","MSS",NA
"TCGA-AG-3742-01",0.3199,0.24,"MSS","MSS",NA
"TCGA-AG-3878-01",0.2791,0.06,"MSS","MSS","MSS"
"TCGA-AG-3881-01",0.2842,0.79,"MSS","MSS","MSS"
"TCGA-AG-3882-01",0.2963,0.5,"MSS","MSS","MSS"
"TCGA-AG-3883-01",0.2889,0.29,"MSS","MSS","MSS"
"TCGA-AG-3885-01",0.3285,0.66,"MSS","MSS","MSS"
"TCGA-AG-3887-01",0.2587,0.34,"MSS","MSS","MSS"
"TCGA-AG-3890-01",0.2774,0.59,"MSS","MSS","MSS"
"TCGA-AG-3892-01",0.5876,0.08,"MSI-H","MSS","MSS"
"TCGA-AG-3893-01",0.2849,0.56,"MSS","MSS","MSS"
"TCGA-AG-3894-01",0.2675,0.09,"MSS","MSS","MSS"
"TCGA-AG-3896-01",0.2715,0.68,"MSS","MSS","MSS"
"TCGA-AG-3898-01",0.2685,0.24,"MSS","MSS","MSS"
"TCGA-AG-3901-01",0.2547,0.03,"MSS","MSS","MSS"
"TCGA-AG-3902-01",0.2705,0.24,"MSS","MSS","MSS"
"TCGA-AG-3909-01",0.2612,0.72,"MSS","MSS","MSS"
"TCGA-AG-3999-01",0.3504,8.8,"MSS","MSI-H","MSS"
"TCGA-AG-4001-01",0.2809,5.69,"MSS","MSI-H","MSS"
"TCGA-AG-4005-01",0.3323,7.84,"MSS","MSI-H","MSS"
"TCGA-AG-4007-01",0.3394,6.54,"MSS","MSI-H","MSS"
"TCGA-AG-4008-01",0.2652,0.37,"MSS","MSS","MSS"
"TCGA-AG-4015-01",0.2981,0.7,"MSS","MSS","MSS"
"TCGA-AG-4021-01",0.346,0.21,"MSS","MSS",NA
"TCGA-AG-4022-01",0.3436,0.25,"MSS","MSS",NA
"TCGA-AG-A002-01",0.3178,0.46,"MSS","MSS","MSS"
"TCGA-AG-A008-01",0.6176,27.36,"MSI-H","MSI-H","MSS"
"TCGA-AG-A00C-01",0.5582,0.91,"MSI-H","MSS","MSS"
"TCGA-AG-A00Y-01",0.2637,0.85,"MSS","MSS","MSS"
"TCGA-AG-A011-01",0.2669,0,"MSS",NA,"MSS"
"TCGA-AG-A015-01",0.5815,14.94,"MSI-H","MSI-H","MSS"
"TCGA-AG-A016-01",0.282,28.84,"MSS","MSI-H","MSS"
"TCGA-AG-A01J-01",0.2531,0.36,"MSS","MSS","MSS"
"TCGA-AG-A01L-01",0.2594,0.09,"MSS","MSS","MSS"
"TCGA-AG-A01N-01",0.2832,0.75,"MSS","MSS","MSS"
"TCGA-AG-A01W-01",0.2895,0.37,"MSS","MSS","MSS"
"TCGA-AG-A01Y-01",0.3053,0.97,"MSS","MSS","MSS"
"TCGA-AG-A020-01",0.3111,0.39,"MSS","MSS","MSS"
"TCGA-AG-A025-01",0.2593,0.66,"MSS","MSS","MSS"
"TCGA-AG-A026-01",0.3214,1.92,"MSS","MSS","MSS"
"TCGA-AG-A02G-01",0.2752,1.51,"MSS","MSS","MSS"
"TCGA-AG-A02N-01",1.2673,39.69,"MSI-H","MSI-H","MSI-H"
"TCGA-AG-A02X-01",0.2853,1.74,"MSS","MSS","MSS"
"TCGA-AG-A032-01",0.2539,0.57,"MSS","MSS","MSS"
"TCGA-AH-6544-01",0.3308,0.07,"MSS","MSS",NA
"TCGA-AH-6547-01",0.3524,0,"MSS",NA,NA
"TCGA-AH-6643-01",0.3494,0.57,"MSS","MSS",NA
"TCGA-AH-6644-01",0.3448,0.17,"MSS","MSS",NA
"TCGA-AH-6897-01",0.344,0.22,"MSS","MSS",NA
"TCGA-AH-6903-01",0.3374,0.01,"MSS","MSS",NA
"TCGA-CI-6619-01",0.3407,0.03,"MSS","MSS",NA
"TCGA-CI-6620-01",0.3445,0.07,"MSS","MSS",NA
"TCGA-CI-6621-01",0.3389,0.03,"MSS","MSS",NA
"TCGA-CI-6622-01",0.3223,0,"MSS",NA,NA
"TCGA-CI-6623-01",0.3617,0.1,"MSS","MSS",NA
"TCGA-CI-6624-01",0.3402,0.02,"MSS","MSS",NA
"TCGA-CL-4957-01",0.3362,0.05,"MSS","MSS",NA
"TCGA-CL-5917-01",0.359,1.58,"MSS","MSS",NA
"TCGA-CL-5918-01",0.3446,0.61,"MSS","MSS",NA
"TCGA-DC-4745-01",0.3391,0.66,"MSS","MSS",NA
"TCGA-DC-4749-01",0.3406,0.31,"MSS","MSS",NA
"TCGA-DC-5337-01",0.3191,0.15,"MSS","MSS",NA
"TCGA-DC-5869-01",0.3785,0.42,"MSS","MSS",NA
"TCGA-DC-6154-01",0.331,1.57,"MSS","MSS",NA
"TCGA-DC-6155-01",0.3493,0.16,"MSS","MSS",NA
"TCGA-DC-6156-01",NA,NA,NA,NA,NA
"TCGA-DC-6157-01",0.331,0.33,"MSS","MSS",NA
"TCGA-DC-6158-01",0.339,0.34,"MSS","MSS",NA
"TCGA-DC-6160-01",0.321,0.17,"MSS","MSS",NA
"TCGA-DC-6681-01",0.3433,0,"MSS",NA,NA
"TCGA-DC-6682-01",0.3334,0.09,"MSS","MSS",NA
"TCGA-DC-6683-01",0.3459,0.19,"MSS","MSS",NA
"TCGA-DT-5265-01",0.3389,0.13,"MSS","MSS",NA
"TCGA-DY-A0XA-01",0.3458,0.29,"MSS","MSS",NA
"TCGA-DY-A1DC-01",0.3327,0.18,"MSS","MSS",NA
"TCGA-DY-A1DD-01",0.3611,1,"MSS","MSS",NA
"TCGA-DY-A1DE-01",NA,NA,NA,NA,NA
"TCGA-DY-A1DF-01",0.3545,0.72,"MSS","MSS",NA
"TCGA-DY-A1DG-01",0.363,0.8,"MSS","MSS",NA
"TCGA-DY-A1H8-01",0.3551,0.39,"MSS","MSS",NA
"TCGA-EF-5830-01",0.3447,0.63,"MSS","MSS",NA
"TCGA-EF-5831-01",NA,0.5,NA,"MSS",NA
"TCGA-EI-6506-01",0.3332,0.05,"MSS","MSS",NA
"TCGA-EI-6507-01",0.6711,15.99,"MSI-H","MSI-H",NA
"TCGA-EI-6508-01",0.3488,0.24,"MSS","MSS",NA
"TCGA-EI-6509-01",0.3555,0.5,"MSS","MSS",NA
"TCGA-EI-6510-01",0.3574,0.05,"MSS","MSS",NA
"TCGA-EI-6511-01",0.3537,0.15,"MSS","MSS",NA
"TCGA-EI-6512-01",0.3602,0.71,"MSS","MSS",NA
"TCGA-EI-6513-01",0.3553,0.48,"MSS","MSS",NA
"TCGA-EI-6514-01",0.3382,0.38,"MSS","MSS",NA
"TCGA-EI-6881-01",0.3444,0.21,"MSS","MSS",NA
"TCGA-EI-6882-01",0.9044,25.05,"MSI-H","MSI-H",NA
"TCGA-EI-6883-01",0.3433,0.27,"MSS","MSS",NA
"TCGA-EI-6884-01",0.3424,0,"MSS",NA,NA
"TCGA-EI-6885-01",0.3401,0.11,"MSS","MSS",NA
"TCGA-EI-6917-01",0.3457,0.03,"MSS","MSS",NA
"TCGA-EI-7002-01",0.3622,0.54,"MSS","MSS",NA
"TCGA-EI-7004-01",0.345,0.06,"MSS","MSS",NA
"TCGA-F5-6464-01",0.3424,0.04,"MSS","MSS",NA
"TCGA-F5-6465-01",0.3415,0,"MSS",NA,NA
"TCGA-F5-6571-01",0.3388,0.35,"MSS","MSS",NA
"TCGA-F5-6702-01",0.328,0.02,"MSS","MSS",NA
"TCGA-F5-6810-01",0.3292,0.13,"MSS","MSS",NA
"TCGA-F5-6811-01",0.3549,0.35,"MSS","MSS",NA
"TCGA-F5-6812-01",0.3556,0.01,"MSS","MSS",NA
"TCGA-F5-6813-01",0.3558,0.45,"MSS","MSS",NA
"TCGA-F5-6814-01",0.3409,0.34,"MSS","MSS",NA
"TCGA-F5-6861-01",0.3338,0,"MSS",NA,NA
"TCGA-F5-6863-01",0.3566,0.08,"MSS","MSS",NA
"TCGA-F5-6864-01",0.3486,0.19,"MSS","MSS",NA
"TCGA-G5-6641-01",0.3305,0.02,"MSS","MSS",NA
"TCGA-3L-AA1B-01",0.3057,0.05,"MSS","MSS",NA
"TCGA-4N-A93T-01",0.3317,0.69,"MSS","MSS",NA
"TCGA-4T-AA8H-01",0.3144,0.17,"MSS","MSS",NA
"TCGA-5M-AAT4-01",0.3232,0.55,"MSS","MSS",NA
"TCGA-5M-AAT6-01",0.66,20.58,"MSI-H","MSI-H",NA
"TCGA-5M-AATE-01",0.3252,0.47,"MSS","MSS",NA
"TCGA-A6-2671-01",0.35,0.37,"MSS","MSS","MSS"
"TCGA-A6-2672-01",0.9618,31.87,"MSI-H","MSI-H","MSI-H"
"TCGA-A6-2674-01",0.4577,0.02,"MSI-H","MSS","MSS"
"TCGA-A6-2675-01",0.363,0.05,"MSS","MSS",NA
"TCGA-A6-2676-01",NA,17.34,NA,"MSI-H","MSI-H"
"TCGA-A6-2677-01",0.319,0,"MSS",NA,"MSS"
"TCGA-A6-2678-01",0.36,0.64,"MSS","MSS","MSS"
"TCGA-A6-2679-01",0.3403,0.19,"MSS","MSS","MSS"
"TCGA-A6-2680-01",0.3468,NA,"MSS",NA,"MSS"
"TCGA-A6-2681-01",0.3456,0.13,"MSS","MSS","MSS"
"TCGA-A6-2682-01",0.3444,NA,"MSS",NA,"MSS"
"TCGA-A6-2683-01",0.3644,1.46,"MSS","MSS","MSS"
"TCGA-A6-2684-01",0.4665,14.49,"MSI-H","MSI-H","MSS"
"TCGA-A6-2685-01",0.3571,0,"MSS",NA,"MSS"
"TCGA-A6-2686-01",1.2375,41.35,"MSI-H","MSI-H","MSI-H"
"TCGA-A6-3807-01",0.4215,1.24,"MSI-H","MSS","MSS"
"TCGA-A6-3808-01",0.406,0.62,"MSI-H","MSS","MSS"
"TCGA-A6-3809-01",0.9595,36.48,"MSI-H","MSI-H","MSI-H"
"TCGA-A6-3810-01",0.3137,1.08,"MSS","MSS","MSS"
"TCGA-A6-4105-01",0.3528,0.3,"MSS","MSS",NA
"TCGA-A6-4107-01",0.3809,0.01,"MSS","MSS","MSS"
"TCGA-A6-5656-01",0.3197,15.42,"MSS","MSI-H",NA
"TCGA-A6-5657-01",0.3201,0.13,"MSS","MSS",NA
"TCGA-A6-5659-01",0.4614,1,"MSI-H","MSS",NA
"TCGA-A6-5660-01",0.3322,0.73,"MSS","MSS",NA
"TCGA-A6-5661-01",NA,33.38,NA,"MSI-H",NA
"TCGA-A6-5662-01",NA,1,NA,"MSS",NA
"TCGA-A6-5664-01",0.4019,0,"MSI-H",NA,NA
"TCGA-A6-5665-01",1.1824,46.78,"MSI-H","MSI-H",NA
"TCGA-A6-5666-01",0.3139,1,"MSS","MSS",NA
"TCGA-A6-5667-01",0.3604,1.11,"MSS","MSS",NA
"TCGA-A6-6137-01",0.3386,0.08,"MSS","MSS",NA
"TCGA-A6-6138-01",0.3495,0.22,"MSS","MSS",NA
"TCGA-A6-6140-01",0.3659,NA,"MSS",NA,NA
"TCGA-A6-6141-01",0.3495,0.01,"MSS","MSS",NA
"TCGA-A6-6142-01",0.3596,0.07,"MSS","MSS",NA
"TCGA-A6-6648-01",0.3926,0.52,"MSS","MSS",NA
"TCGA-A6-6649-01",0.4012,0.19,"MSI-H","MSS",NA
"TCGA-A6-6650-01",0.466,2.26,"MSI-H","MSS",NA
"TCGA-A6-6651-01",0.3785,0.08,"MSS","MSS",NA
"TCGA-A6-6652-01",0.3866,0.3,"MSS","MSS",NA
"TCGA-A6-6653-01",1.0708,33.02,"MSI-H","MSI-H",NA
"TCGA-A6-6654-01",0.3351,0.07,"MSS","MSS",NA
"TCGA-A6-6780-01",1.1071,37.25,"MSI-H","MSI-H",NA
"TCGA-A6-6781-01",0.771,25.58,"MSI-H","MSI-H",NA
"TCGA-A6-6782-01",0.3922,0,"MSS",NA,NA
"TCGA-A6-A565-01",0.3972,0.41,"MSS","MSS",NA
"TCGA-A6-A566-01",0.2956,0,"MSS",NA,NA
"TCGA-A6-A567-01",0.2929,0.07,"MSS","MSS",NA
"TCGA-A6-A56B-01",0.3073,0.22,"MSS","MSS",NA
"TCGA-A6-A5ZU-01",NA,2.59,NA,"MSS",NA
"TCGA-AA-3488-01",0.3711,NA,"MSS",NA,"MSS"
"TCGA-AA-3489-01",0.3996,0,"MSS",NA,NA
"TCGA-AA-3492-01",1.2602,35.82,"MSI-H","MSI-H","MSI-H"
"TCGA-AA-3494-01",0.3581,NA,"MSS",NA,"MSS"
"TCGA-AA-3495-01",0.3588,NA,"MSS",NA,"MSS"
"TCGA-AA-3496-01",0.4517,0.4,"MSI-H","MSS",NA
"TCGA-AA-3502-01",0.3387,0.19,"MSS","MSS","MSS"
"TCGA-AA-3506-01",0.3453,0.03,"MSS","MSS","MSS"
"TCGA-AA-3510-01",0.341,0,"MSS",NA,"MSS"
"TCGA-AA-3511-01",0.391,0.06,"MSS","MSS",NA
"TCGA-AA-3514-01",0.3123,1.1,"MSS","MSS","MSS"
"TCGA-AA-3517-01",0.3204,0.26,"MSS","MSS","MSS"
"TCGA-AA-3518-01",NA,4.34,NA,"MSI-H","MSI-H"
"TCGA-AA-3519-01",0.3647,0.69,"MSS","MSS","MSS"
"TCGA-AA-3520-01",0.3835,1.72,"MSS","MSS","MSS"
"TCGA-AA-3521-01",0.3496,2.03,"MSS","MSS","MSS"
"TCGA-AA-3522-01",0.3234,0.05,"MSS","MSS","MSS"
"TCGA-AA-3524-01",0.3154,0.1,"MSS","MSS","MSS"
"TCGA-AA-3525-01",NA,11.72,NA,"MSI-H","MSI-H"
"TCGA-AA-3526-01",0.3851,1.33,"MSS","MSS","MSS"
"TCGA-AA-3527-01",0.3161,2.03,"MSS","MSS","MSS"
"TCGA-AA-3529-01",0.4301,0.66,"MSI-H","MSS","MSS"
"TCGA-AA-3530-01",0.3164,0.4,"MSS","MSS","MSS"
"TCGA-AA-3531-01",0.3268,0.86,"MSS","MSS","MSS"
"TCGA-AA-3532-01",0.3244,1.6,"MSS","MSS","MSS"
"TCGA-AA-3534-01",0.3252,0.16,"MSS","MSS","MSS"
"TCGA-AA-3538-01",0.3368,0,"MSS",NA,"MSS"
"TCGA-AA-3542-01",NA,0,NA,NA,"MSS"
"TCGA-AA-3543-01",NA,4.56,NA,"MSI-H","MSI-H"
"TCGA-AA-3544-01",0.3291,0,"MSS",NA,"MSS"
"TCGA-AA-3548-01",0.3218,0.04,"MSS","MSS","MSS"
"TCGA-AA-3549-01",0.2966,0,"MSS",NA,"MSS"
"TCGA-AA-3552-01",NA,0.04,NA,"MSS","MSS"
"TCGA-AA-3553-01",NA,0,NA,NA,"MSS"
"TCGA-AA-3555-01",NA,0.05,NA,"MSS","MSS"
"TCGA-AA-3558-01",0.3523,0.11,"MSS","MSS","MSS"
"TCGA-AA-3560-01",0.3648,0.03,"MSS","MSS","MSS"
"TCGA-AA-3561-01",0.3413,0.27,"MSS","MSS","MSS"
"TCGA-AA-3655-01",0.3473,0.2,"MSS","MSS",NA
"TCGA-AA-3660-01",0.3366,0.3,"MSS","MSS",NA
"TCGA-AA-3663-01",1.2565,41.51,"MSI-H","MSI-H",NA
"TCGA-AA-3664-01",0.2631,0.79,"MSS","MSS","MSS"
"TCGA-AA-3666-01",0.2807,1.17,"MSS","MSS","MSS"
"TCGA-AA-3667-01",0.2649,0.71,"MSS","MSS","MSS"
"TCGA-AA-3673-01",0.284,0.51,"MSS","MSS","MSS"
"TCGA-AA-3675-01",0.2618,0.31,"MSS","MSS","MSS"
"TCGA-AA-3678-01",0.2741,0.65,"MSS","MSS","MSS"
"TCGA-AA-3679-01",0.2575,0.41,"MSS","MSS","MSS"
"TCGA-AA-3680-01",0.2615,0.33,"MSS","MSS","MSS"
"TCGA-AA-3681-01",0.263,0.52,"MSS","MSS","MSS"
"TCGA-AA-3684-01",0.2513,0.09,"MSS","MSS","MSS"
"TCGA-AA-3685-01",0.2703,0.49,"MSS","MSS","MSS"
"TCGA-AA-3688-01",0.3017,1.27,"MSS","MSS","MSS"
"TCGA-AA-3692-01",0.2721,0.31,"MSS","MSS","MSS"
"TCGA-AA-3693-01",0.2829,1.09,"MSS","MSS","MSS"
"TCGA-AA-3695-01",0.2817,0.65,"MSS","MSS","MSS"
"TCGA-AA-3696-01",0.2665,0.4,"MSS","MSS","MSS"
"TCGA-AA-3710-01",0.8652,31.62,"MSI-H","MSI-H","MSI-H"
"TCGA-AA-3712-01",0.3407,0.53,"MSS","MSS",NA
"TCGA-AA-3713-01",0.8168,26.26,"MSI-H","MSI-H",NA
"TCGA-AA-3715-01",1.092,44.26,"MSI-H","MSI-H","MSI-H"
"TCGA-AA-3811-01",1.1337,38.84,"MSI-H","MSI-H","MSI-H"
"TCGA-AA-3812-01",0.2659,0.18,"MSS","MSS","MSS"
"TCGA-AA-3814-01",0.2754,0.35,"MSS","MSS","MSS"
"TCGA-AA-3818-01",0.268,0.57,"MSS","MSS","MSS"
"TCGA-AA-3819-01",0.261,0.25,"MSS","MSS","MSS"
"TCGA-AA-3821-01",0.942,30.92,"MSI-H","MSI-H","MSI-H"
"TCGA-AA-3831-01",0.276,1.61,"MSS","MSS","MSS"
"TCGA-AA-3833-01",0.9553,27.18,"MSI-H","MSI-H","MSI-H"
"TCGA-AA-3837-01",0.2784,0.82,"MSS","MSS","MSS"
"TCGA-AA-3841-01",0.2896,0.79,"MSS","MSS","MSS"
"TCGA-AA-3842-01",0.3246,0.68,"MSS","MSS","MSS"
"TCGA-AA-3844-01",0.3264,0.87,"MSS","MSS","MSS"
"TCGA-AA-3845-01",0.9169,30.53,"MSI-H","MSI-H","MSI-H"
"TCGA-AA-3846-01",0.3293,0.67,"MSS","MSS","MSS"
"TCGA-AA-3848-01",0.2571,0.66,"MSS","MSS","MSS"
"TCGA-AA-3850-01",0.3018,0.07,"MSS","MSS","MSS"
"TCGA-AA-3851-01",0.3204,0.43,"MSS","MSS","MSS"
"TCGA-AA-3852-01",0.2731,0.32,"MSS","MSS","MSS"
"TCGA-AA-3854-01",0.2733,0.89,"MSS","MSS","MSS"
"TCGA-AA-3855-01",0.3187,0.11,"MSS","MSS","MSS"
"TCGA-AA-3856-01",0.2645,0.3,"MSS","MSS","MSS"
"TCGA-AA-3858-01",0.2586,0.37,"MSS","MSS","MSS"
"TCGA-AA-3864-01",0.8915,23.86,"MSI-H","MSI-H","MSI-H"
"TCGA-AA-3866-01",0.3267,0.43,"MSS","MSS","MSS"
"TCGA-AA-3867-01",0.3148,0.42,"MSS","MSS","MSS"
"TCGA-AA-3869-01",0.4048,0.67,"MSI-H","MSS","MSS"
"TCGA-AA-3870-01",0.3807,0.6,"MSS","MSS","MSS"
"TCGA-AA-3872-01",0.3976,1.08,"MSS","MSS","MSS"
"TCGA-AA-3875-01",0.2689,0.14,"MSS","MSS","MSS"
"TCGA-AA-3877-01",0.8655,32.33,"MSI-H","MSI-H","MSI-H"
"TCGA-AA-3930-01",0.3672,0.43,"MSS","MSS","MSS"
"TCGA-AA-3939-01",0.36,1.02,"MSS","MSS","MSS"
"TCGA-AA-3941-01",0.3682,1.05,"MSS","MSS","MSS"
"TCGA-AA-3947-01",1.2515,40,"MSI-H","MSI-H","MSI-H"
"TCGA-AA-3949-01",0.751,24.11,"MSI-H","MSI-H","MSI-H"
"TCGA-AA-3950-01",0.75,25.38,"MSI-H","MSI-H","MSI-H"
"TCGA-AA-3952-01",0.3274,0.43,"MSS","MSS","MSS"
"TCGA-AA-3955-01",0.3279,0.16,"MSS","MSS","MSS"
"TCGA-AA-3956-01",0.3246,0.16,"MSS","MSS","MSS"
"TCGA-AA-3966-01",1.296,43.67,"MSI-H","MSI-H","MSI-H"
"TCGA-AA-3968-01",0.331,0.22,"MSS","MSS","MSS"
"TCGA-AA-3971-01",0.3362,0.49,"MSS","MSS","MSS"
"TCGA-AA-3973-01",0.3291,0.47,"MSS","MSS","MSS"
"TCGA-AA-3975-01",0.3404,0.21,"MSS","MSS","MSS"
"TCGA-AA-3976-01",0.3308,0.3,"MSS","MSS","MSS"
"TCGA-AA-3977-01",0.3545,0.37,"MSS","MSS","MSS"
"TCGA-AA-3979-01",0.3186,1.51,"MSS","MSS","MSS"
"TCGA-AA-3980-01",0.3103,0.38,"MSS","MSS","MSS"
"TCGA-AA-3982-01",0.3356,0.06,"MSS","MSS","MSS"
"TCGA-AA-3984-01",0.3334,0.14,"MSS","MSS","MSS"
"TCGA-AA-3986-01",0.3248,0.09,"MSS","MSS","MSS"
"TCGA-AA-3989-01",0.3311,0.19,"MSS","MSS","MSS"
"TCGA-AA-3994-01",0.2838,0.99,"MSS","MSS","MSS"
"TCGA-AA-A004-01",0.2846,0.84,"MSS","MSS","MSS"
"TCGA-AA-A00A-01",NA,7.51,NA,"MSI-H","MSI-H"
"TCGA-AA-A00D-01",NA,0,NA,NA,"MSS"
"TCGA-AA-A00E-01",NA,14.23,NA,"MSI-H","MSI-H"
"TCGA-AA-A00F-01",NA,0.07,NA,"MSS","MSS"
"TCGA-AA-A00J-01",NA,11.59,NA,"MSI-H","MSI-H"
"TCGA-AA-A00K-01",NA,0.41,NA,"MSS","MSS"
"TCGA-AA-A00L-01",NA,0,NA,NA,"MSS"
"TCGA-AA-A00N-01",0.3279,32.47,"MSS","MSI-H","MSS"
"TCGA-AA-A00O-01",0.2697,1.05,"MSS","MSS","MSS"
"TCGA-AA-A00Q-01",NA,0,NA,NA,"MSS"
"TCGA-AA-A00R-01",NA,12.68,NA,"MSI-H","MSI-H"
"TCGA-AA-A00U-01",NA,0.03,NA,"MSS","MSS"
"TCGA-AA-A00W-01",NA,0,NA,NA,"MSS"
"TCGA-AA-A00Z-01",0.3206,0,"MSS",NA,"MSS"
"TCGA-AA-A010-01",0.3765,4.19,"MSS","MSI-H","MSS"
"TCGA-AA-A017-01",0.28,1.19,"MSS","MSS","MSS"
"TCGA-AA-A01C-01",0.2539,0.1,"MSS","MSS","MSS"
"TCGA-AA-A01D-01",0.2695,0.71,"MSS","MSS","MSS"
"TCGA-AA-A01F-01",NA,0.03,NA,"MSS","MSS"
"TCGA-AA-A01G-01",NA,0,NA,NA,"MSS"
"TCGA-AA-A01I-01",0.2695,0.87,"MSS","MSS","MSS"
"TCGA-AA-A01K-01",0.2795,1.3,"MSS","MSS","MSS"
"TCGA-AA-A01P-01",0.6789,20.7,"MSI-H","MSI-H","MSI-H"
"TCGA-AA-A01Q-01",NA,5.43,NA,"MSI-H","MSI-H"
"TCGA-AA-A01R-01",0.7418,22.57,"MSI-H","MSI-H","MSI-H"
"TCGA-AA-A01S-01",0.325,0.6,"MSS","MSS","MSS"
"TCGA-AA-A01T-01",0.3369,1.26,"MSS","MSS","MSS"
"TCGA-AA-A01V-01",0.3163,0.31,"MSS","MSS","MSS"
"TCGA-AA-A01X-01",0.3184,0.38,"MSS","MSS","MSS"
"TCGA-AA-A01Z-01",0.3259,0.42,"MSS","MSS","MSS"
"TCGA-AA-A022-01",1.1662,43,"MSI-H","MSI-H","MSI-H"
"TCGA-AA-A024-01",0.2567,0.75,"MSS","MSS","MSS"
"TCGA-AA-A029-01",0.2837,2.01,"MSS","MSS","MSS"
"TCGA-AA-A02E-01",0.2544,1.66,"MSS","MSS","MSS"
"TCGA-AA-A02F-01",0.2783,1.83,"MSS","MSS","MSS"
"TCGA-AA-A02H-01",0.2874,2.03,"MSS","MSS","MSS"
"TCGA-AA-A02J-01",0.2836,0.54,"MSS","MSS","MSS"
"TCGA-AA-A02O-01",0.3293,0.48,"MSS","MSS","MSS"
"TCGA-AA-A02R-01",1.2923,32.62,"MSI-H","MSI-H","MSI-H"
"TCGA-AA-A02W-01",0.2652,0.77,"MSS","MSS","MSS"
"TCGA-AA-A02Y-01",0.3389,0.38,"MSS","MSS","MSS"
"TCGA-AA-A03F-01",0.3075,0.22,"MSS","MSS","MSS"
"TCGA-AA-A03J-01",0.3238,0.22,"MSS","MSS","MSS"
"TCGA-AD-5900-01",0.9101,36.46,"MSI-H","MSI-H",NA
"TCGA-AD-6548-01",0.4334,0.02,"MSI-H","MSS",NA
"TCGA-AD-6888-01",0.3466,0.13,"MSS","MSS",NA
"TCGA-AD-6889-01",1.3414,40.44,"MSI-H","MSI-H",NA
"TCGA-AD-6890-01",0.3483,0.03,"MSS","MSS",NA
"TCGA-AD-6895-01",0.8416,23.11,"MSI-H","MSI-H",NA
"TCGA-AD-6899-01",0.355,0.07,"MSS","MSS",NA
"TCGA-AD-6901-01",0.3533,0.18,"MSS","MSS",NA
"TCGA-AD-6963-01",0.3442,0.02,"MSS","MSS",NA
"TCGA-AD-6964-01",0.7365,18.65,"MSI-H","MSI-H",NA
"TCGA-AD-6965-01",0.3643,0.33,"MSS","MSS",NA
"TCGA-AD-A5EJ-01",1.0934,22.4,"MSI-H","MSI-H",NA
"TCGA-AD-A5EK-01",0.2808,0.32,"MSS","MSS",NA
"TCGA-AM-5820-01",0.3465,1.64,"MSS","MSS",NA
"TCGA-AM-5821-01",0.8795,30.25,"MSI-H","MSI-H",NA
"TCGA-AU-3779-01",0.3365,0.29,"MSS","MSS",NA
"TCGA-AU-6004-01",0.8424,27.82,"MSI-H","MSI-H",NA
"TCGA-AY-4070-01",0.2687,0.78,"MSS","MSS","MSS"
"TCGA-AY-4071-01",0.2716,1.3,"MSS","MSS","MSS"
"TCGA-AY-5543-01",0.3374,0.61,"MSS","MSS",NA
"TCGA-AY-6196-01",0.3602,0.23,"MSS","MSS",NA
"TCGA-AY-6197-01",0.965,31.61,"MSI-H","MSI-H",NA
"TCGA-AY-6386-01",0.327,0.27,"MSS","MSS",NA
"TCGA-AY-A54L-01",0.2932,0.39,"MSS","MSS",NA
"TCGA-AY-A69D-01",0.3161,0.21,"MSS","MSS",NA
"TCGA-AY-A71X-01",0.3062,0.22,"MSS","MSS",NA
"TCGA-AY-A8YK-01",0.3268,0.32,"MSS","MSS",NA
"TCGA-AZ-4308-01",0.363,0.11,"MSS","MSS","MSS"
"TCGA-AZ-4313-01",0.7225,NA,"MSI-H",NA,"MSI-H"
"TCGA-AZ-4315-01",0.3429,0.67,"MSS","MSS","MSS"
"TCGA-AZ-4323-01",0.426,0.05,"MSI-H","MSS",NA
"TCGA-AZ-4614-01",0.3773,0.94,"MSS","MSS","MSS"
"TCGA-AZ-4615-01",1.0327,33.79,"MSI-H","MSI-H","MSI-H"
"TCGA-AZ-4616-01",0.3171,0.79,"MSS","MSS",NA
"TCGA-AZ-4681-01",0.3537,0.02,"MSS","MSS","MSS"
"TCGA-AZ-4682-01",0.367,0.13,"MSS","MSS","MSS"
"TCGA-AZ-4684-01",0.3572,NA,"MSS",NA,"MSS"
"TCGA-AZ-5403-01",0.3101,0.27,"MSS","MSS",NA
"TCGA-AZ-5407-01",0.3611,0.46,"MSS","MSS",NA
"TCGA-AZ-6598-01",1.3777,43.27,"MSI-H","MSI-H",NA
"TCGA-AZ-6599-01",0.3766,0.14,"MSS","MSS",NA
"TCGA-AZ-6600-01",0.3613,0.46,"MSS","MSS",NA
"TCGA-AZ-6603-01",0.3686,0.35,"MSS","MSS",NA
"TCGA-AZ-6605-01",0.3467,0.02,"MSS","MSS",NA
"TCGA-AZ-6606-01",0.3623,0.2,"MSS","MSS",NA
"TCGA-AZ-6607-01",0.354,0,"MSS",NA,NA
"TCGA-CA-5254-01",0.3896,0.53,"MSS","MSS",NA
"TCGA-CA-5255-01",0.3805,0.07,"MSS","MSS",NA
"TCGA-CA-5256-01",0.3522,0.07,"MSS","MSS","MSS"
"TCGA-CA-5796-01",0.3604,0.15,"MSS","MSS",NA
"TCGA-CA-5797-01",0.3554,0.61,"MSS","MSS",NA
"TCGA-CA-6715-01",0.3669,0.11,"MSS","MSS",NA
"TCGA-CA-6716-01",0.3773,0.56,"MSS","MSS",NA
"TCGA-CA-6717-01",0.3653,0.01,"MSS","MSS",NA
"TCGA-CA-6718-01",0.3722,0,"MSS",NA,NA
"TCGA-CA-6719-01",0.3645,0.24,"MSS","MSS",NA
"TCGA-CK-4947-01",0.3269,0.07,"MSS","MSS",NA
"TCGA-CK-4948-01",0.3486,0.22,"MSS","MSS",NA
"TCGA-CK-4950-01",0.3697,0.31,"MSS","MSS",NA
"TCGA-CK-4951-01",0.7849,21.62,"MSI-H","MSI-H","MSI-H"
"TCGA-CK-4952-01",0.3926,0.29,"MSS","MSS",NA
"TCGA-CK-5912-01",0.3783,1.79,"MSS","MSS",NA
"TCGA-CK-5913-01",0.9213,32.98,"MSI-H","MSI-H",NA
"TCGA-CK-5914-01",0.3446,1.56,"MSS","MSS",NA
"TCGA-CK-5915-01",0.3162,0.29,"MSS","MSS",NA
"TCGA-CK-5916-01",0.9208,35.2,"MSI-H","MSI-H",NA
"TCGA-CK-6746-01",1.1685,36.05,"MSI-H","MSI-H",NA
"TCGA-CK-6747-01",0.3727,0.64,"MSS","MSS",NA
"TCGA-CK-6748-01",0.3564,0.22,"MSS","MSS",NA
"TCGA-CK-6751-01",0.3583,0.05,"MSS","MSS",NA
"TCGA-CM-4743-01",0.8182,23.82,"MSI-H","MSI-H",NA
"TCGA-CM-4744-01",0.3613,0.03,"MSS","MSS","MSS"
"TCGA-CM-4746-01",0.8512,21.49,"MSI-H","MSI-H","MSI-H"
"TCGA-CM-4747-01",0.3787,0.01,"MSS","MSS","MSS"
"TCGA-CM-4748-01",0.365,0.04,"MSS","MSS","MSS"
"TCGA-CM-4750-01",0.3583,0.18,"MSS","MSS","MSS"
"TCGA-CM-4751-01",0.3606,0,"MSS",NA,NA
"TCGA-CM-4752-01",0.3498,0.02,"MSS","MSS","MSS"
"TCGA-CM-5341-01",0.3524,0,"MSS",NA,"MSS"
"TCGA-CM-5344-01",0.3396,0.47,"MSS","MSS",NA
"TCGA-CM-5348-01",0.3321,0.56,"MSS","MSS",NA
"TCGA-CM-5349-01",0.3249,0,"MSS",NA,NA
"TCGA-CM-5860-01",0.3393,0.54,"MSS","MSS",NA
"TCGA-CM-5861-01",0.9692,34.37,"MSI-H","MSI-H",NA
"TCGA-CM-5862-01",0.3545,1.45,"MSS","MSS",NA
"TCGA-CM-5863-01",0.3973,0,"MSS",NA,NA
"TCGA-CM-5864-01",0.3329,0.53,"MSS","MSS",NA
"TCGA-CM-5868-01",0.3403,0.89,"MSS","MSS",NA
"TCGA-CM-6161-01",0.3145,0.25,"MSS","MSS",NA
"TCGA-CM-6162-01",0.8773,29.11,"MSI-H","MSI-H",NA
"TCGA-CM-6163-01",0.3345,0.07,"MSS","MSS",NA
"TCGA-CM-6164-01",0.3277,0.05,"MSS","MSS",NA
"TCGA-CM-6165-01",0.3145,0.1,"MSS","MSS",NA
"TCGA-CM-6166-01",0.3171,0.33,"MSS","MSS",NA
"TCGA-CM-6167-01",0.3157,0.06,"MSS","MSS",NA
"TCGA-CM-6168-01",0.4083,1.02,"MSI-H","MSS",NA
"TCGA-CM-6169-01",0.3404,0.78,"MSS","MSS",NA
"TCGA-CM-6170-01",0.3219,0.21,"MSS","MSS",NA
"TCGA-CM-6171-01",1.1813,43,"MSI-H","MSI-H",NA
"TCGA-CM-6172-01",0.3388,0.16,"MSS","MSS",NA
"TCGA-CM-6674-01",0.7398,21.08,"MSI-H","MSI-H",NA
"TCGA-CM-6675-01",0.357,0.38,"MSS","MSS",NA
"TCGA-CM-6676-01",0.353,0.05,"MSS","MSS",NA
"TCGA-CM-6677-01",0.3529,0.48,"MSS","MSS",NA
"TCGA-CM-6678-01",0.349,0.13,"MSS","MSS",NA
"TCGA-CM-6679-01",0.3381,0.16,"MSS","MSS",NA
"TCGA-CM-6680-01",0.4575,1.17,"MSI-H","MSS",NA
"TCGA-D5-5537-01",0.3494,0.42,"MSS","MSS",NA
"TCGA-D5-5538-01",0.3546,0.4,"MSS","MSS",NA
"TCGA-D5-5539-01",0.3573,0.38,"MSS","MSS",NA
"TCGA-D5-5540-01",0.3281,0.88,"MSS","MSS",NA
"TCGA-D5-5541-01",0.328,0.51,"MSS","MSS",NA
"TCGA-D5-6529-01",0.3658,0.18,"MSS","MSS",NA
"TCGA-D5-6530-01",1.0856,41.17,"MSI-H","MSI-H",NA
"TCGA-D5-6531-01",0.347,0.81,"MSS","MSS",NA
"TCGA-D5-6532-01",0.3466,0.62,"MSS","MSS",NA
"TCGA-D5-6533-01",0.3337,0.52,"MSS","MSS",NA
"TCGA-D5-6534-01",0.3343,0.04,"MSS","MSS",NA
"TCGA-D5-6535-01",0.343,0.28,"MSS","MSS",NA
"TCGA-D5-6536-01",0.3522,0.23,"MSS","MSS",NA
"TCGA-D5-6537-01",0.3503,0.37,"MSS","MSS",NA
"TCGA-D5-6538-01",0.3432,0.75,"MSS","MSS",NA
"TCGA-D5-6539-01",0.3265,0,"MSS",NA,NA
"TCGA-D5-6540-01",0.9984,32.59,"MSI-H","MSI-H",NA
"TCGA-D5-6541-01",0.3319,0.11,"MSS","MSS",NA
"TCGA-D5-6898-01",0.3407,0.17,"MSS","MSS",NA
"TCGA-D5-6920-01",0.3434,0.01,"MSS","MSS",NA
"TCGA-D5-6922-01",0.3579,0.07,"MSS","MSS",NA
"TCGA-D5-6923-01",0.3476,0.2,"MSS","MSS",NA
"TCGA-D5-6924-01",0.3409,0.06,"MSS","MSS",NA
"TCGA-D5-6926-01",0.3496,0.18,"MSS","MSS",NA
"TCGA-D5-6927-01",0.7283,17.61,"MSI-H","MSI-H",NA
"TCGA-D5-6928-01",0.6559,14.76,"MSI-H","MSI-H",NA
"TCGA-D5-6929-01",0.3524,0.09,"MSS","MSS",NA
"TCGA-D5-6930-01",0.6864,15.2,"MSI-H","MSI-H",NA
"TCGA-D5-6931-01",0.3574,0.12,"MSS","MSS",NA
"TCGA-D5-6932-01",0.3444,0.19,"MSS","MSS",NA
"TCGA-D5-7000-01",0.3496,0.06,"MSS","MSS",NA
"TCGA-DM-A0X9-01",0.3503,0.2,"MSS","MSS",NA
"TCGA-DM-A0XD-01",0.3301,0.15,"MSS","MSS",NA
"TCGA-DM-A0XF-01",0.3334,0.1,"MSS","MSS",NA
"TCGA-DM-A1D0-01",0.3358,0.67,"MSS","MSS",NA
"TCGA-DM-A1D4-01",0.3544,0.35,"MSS","MSS",NA
"TCGA-DM-A1D6-01",0.3534,0.53,"MSS","MSS",NA
"TCGA-DM-A1D7-01",0.3316,0.01,"MSS","MSS",NA
"TCGA-DM-A1D8-01",0.3468,0.47,"MSS","MSS",NA
"TCGA-DM-A1D9-01",0.335,0.33,"MSS","MSS",NA
"TCGA-DM-A1DA-01",0.3952,2.42,"MSS","MSS",NA
"TCGA-DM-A1DB-01",0.3441,0.25,"MSS","MSS",NA
"TCGA-DM-A1HA-01",0.3507,1.46,"MSS","MSS",NA
"TCGA-DM-A1HB-01",1.0166,27.61,"MSI-H","MSI-H",NA
"TCGA-DM-A280-01",0.3888,0.01,"MSS","MSS",NA
"TCGA-DM-A282-01",0.3739,0.03,"MSS","MSS",NA
"TCGA-DM-A285-01",0.3761,0.13,"MSS","MSS",NA
"TCGA-DM-A288-01",0.3948,0.31,"MSS","MSS",NA
"TCGA-DM-A28A-01",0.3995,0.25,"MSS","MSS",NA
"TCGA-DM-A28C-01",0.3712,0.08,"MSS","MSS",NA
"TCGA-DM-A28E-01",0.379,0.04,"MSS","MSS",NA
"TCGA-DM-A28F-01",0.3791,0.24,"MSS","MSS",NA
"TCGA-DM-A28G-01",0.3656,0.01,"MSS","MSS",NA
"TCGA-DM-A28H-01",0.3898,0.15,"MSS","MSS",NA
"TCGA-DM-A28K-01",0.397,0.05,"MSS","MSS",NA
"TCGA-DM-A28M-01",0.3983,0.13,"MSS","MSS",NA
"TCGA-F4-6459-01",0.3642,0.31,"MSS","MSS",NA
"TCGA-F4-6460-01",0.3437,0.24,"MSS","MSS",NA
"TCGA-F4-6461-01",0.3699,0.23,"MSS","MSS",NA
"TCGA-F4-6463-01",0.3302,0.14,"MSS","MSS",NA
"TCGA-F4-6569-01",0.3647,0.06,"MSS","MSS",NA
"TCGA-F4-6570-01",0.9787,31.81,"MSI-H","MSI-H",NA
"TCGA-F4-6703-01",0.4396,1,"MSI-H","MSS",NA
"TCGA-F4-6704-01",0.3596,0.06,"MSS","MSS",NA
"TCGA-F4-6805-01",0.3882,0.03,"MSS","MSS",NA
"TCGA-F4-6806-01",0.3957,0.1,"MSS","MSS",NA
"TCGA-F4-6807-01",0.3514,0,"MSS",NA,NA
"TCGA-F4-6808-01",0.3566,0.12,"MSS","MSS",NA
"TCGA-F4-6809-01",0.3476,0.02,"MSS","MSS",NA
"TCGA-F4-6854-01",0.3387,0.1,"MSS","MSS",NA
"TCGA-F4-6855-01",0.3419,0.03,"MSS","MSS",NA
"TCGA-F4-6856-01",0.8729,27.56,"MSI-H","MSI-H",NA
"TCGA-G4-6293-01",0.3277,0.28,"MSS","MSS",NA
"TCGA-G4-6294-01",0.3774,1.01,"MSS","MSS",NA
"TCGA-G4-6295-01",0.3241,0.24,"MSS","MSS",NA
"TCGA-G4-6297-01",0.3325,0.14,"MSS","MSS",NA
"TCGA-G4-6298-01",0.3334,0.31,"MSS","MSS",NA
"TCGA-G4-6299-01",0.3963,0.88,"MSS","MSS",NA
"TCGA-G4-6302-01",0.4592,3.04,"MSI-H","MSS",NA
"TCGA-G4-6303-01",0.359,0.5,"MSS","MSS",NA
"TCGA-G4-6304-01",0.5676,7.18,"MSI-H","MSI-H",NA
"TCGA-G4-6306-01",0.3415,0.25,"MSS","MSS",NA
"TCGA-G4-6307-01",0.316,0.41,"MSS","MSS",NA
"TCGA-G4-6309-01",0.9341,26.62,"MSI-H","MSI-H",NA
"TCGA-G4-6311-01",0.3185,0.19,"MSS","MSS",NA
"TCGA-G4-6315-01",0.3321,0.25,"MSS","MSS",NA
"TCGA-G4-6317-01",0.3455,0.89,"MSS","MSS",NA
"TCGA-G4-6320-01",0.5674,14.97,"MSI-H","MSI-H",NA
"TCGA-G4-6321-01",0.3258,0.18,"MSS","MSS",NA
"TCGA-G4-6322-01",0.3214,0.14,"MSS","MSS",NA
"TCGA-G4-6323-01",0.3512,0.42,"MSS","MSS",NA
"TCGA-G4-6586-01",1.0607,33.57,"MSI-H","MSI-H",NA
"TCGA-G4-6588-01",1.0066,34.69,"MSI-H","MSI-H",NA
"TCGA-G4-6626-01",0.349,0.39,"MSS","MSS",NA
"TCGA-G4-6627-01",0.3582,0.02,"MSS","MSS",NA
"TCGA-G4-6628-01",0.7863,19.28,"MSI-H","MSI-H",NA
"TCGA-NH-A50T-01",0.2912,0.31,"MSS","MSS",NA
"TCGA-NH-A50U-01",0.3425,0.5,"MSS","MSS",NA
"TCGA-NH-A50V-01",0.2879,0.32,"MSS","MSS",NA
"TCGA-NH-A5IV-01",1.2012,41.02,"MSI-H","MSI-H",NA
"TCGA-NH-A6GA-01",0.3295,1.07,"MSS","MSS",NA
"TCGA-NH-A6GB-01",0.3185,0.31,"MSS","MSS",NA
"TCGA-NH-A6GC-01",0.3241,0.73,"MSS","MSS",NA
"TCGA-NH-A8F7-01",0.3241,0.36,"MSS","MSS",NA
"TCGA-NH-A8F8-01",0.3144,0.23,"MSS","MSS",NA
"TCGA-QG-A5YV-01",0.2586,0,"MSS",NA,NA
"TCGA-QG-A5YW-01",0.2723,0.47,"MSS","MSS",NA
"TCGA-QG-A5YX-01",0.304,0.18,"MSS","MSS",NA
"TCGA-QG-A5Z1-01",0.2924,0.03,"MSS","MSS",NA
"TCGA-QG-A5Z2-01",0.86,19.29,"MSI-H","MSI-H",NA
"TCGA-QL-A97D-01",0.3204,0.56,"MSS","MSS",NA
"TCGA-RU-A8FL-01",0.3417,0.47,"MSS","MSS",NA
"TCGA-SS-A7HO-01",0.3318,1.19,"MSS","MSS",NA
"TCGA-T9-A92H-01",0.317,0.4,"MSS","MSS",NA
"TCGA-WS-AB45-01",0.6782,24.48,"MSI-H","MSI-H",NA
"TCGA-5M-AAT5-01",0.3131,0.35,"MSS","MSS",NA
"TCGA-5M-AATA-01",0.3123,0.08,"MSS","MSS",NA
